Date|AAPL|AGG|AMZN|BND|BTC-USD|COP|CROMF|CVX|DUK|EXC|FB|GC=F|GOOGL|HYG|IEF|JNK|JPM|KO|LQD|MSFT|MUB|NEE|NFLX|NVDA|PEHN.SW|PEP|PFFA|PG|SHY|TIP|TLT|TSLA|V|XOM|^GSPC|^IRX
2020-12-28|||||||||||||||||||||||||55.37783432006836|||||||||||
2021-01-01|128.8174285888672|110.29740905761719|158.10800170898438|81.78883361816406|39371.04296875|40.10902786254883|9.864060401916504|80.45238494873047|80.61358642578125|27.36566925048828||1912.300048828125|88.71700286865234|76.59161376953125|113.33306884765625|94.32063293457031|125.68767547607422|46.33041763305664|125.33634948730469|213.0124053955078|110.69231414794922|74.64739990234375|508.8900146484375|133.15164184570312||132.05567932128906|17.271121978759766|129.70379638671875|83.47713470458984|112.31720733642578|143.00328063964844|272.0133361816406|209.6930389404297|39.754608154296875|3803.7900390625|0.07999999821186066
2021-01-04|||||||||||||||||||||||||56.78574752807617|||||||||||
2021-01-08|126.83972930908203|110.21271514892578|156.37350463867188|81.72328186035156|39187.328125|42.95345687866211|9.802791595458984|85.15184020996094|82.20094299316406|27.72377586364746||1850.300048828125|86.5459976196289|76.60039520263672|112.90296173095703|94.29463958740234|131.53099060058594|45.65345001220703|125.40083312988281|207.8697967529297|110.6355972290039|77.69768524169922|500.8599853515625|131.7172393798828||131.39755249023438|17.539012908935547|126.8547134399414|83.45777893066406|112.08781433105469|142.44749450683594|281.6666564941406|197.97314453125|44.485191345214844|3795.5400390625|0.07500000298023224
2021-01-11|||||||||||||||||||||||||56.316444396972656|||||||||||
2021-01-15|134.67189025878906|110.32564544677734|165.34950256347656|81.77944946289062|30825.69921875|38.754127502441406|9.802791595458984|82.04859161376953|80.87366485595703|28.010255813598633||1865.300048828125|94.2074966430664|76.79354858398438|113.1610107421875|94.58049774169922|125.62387084960938|45.393795013427734|125.2809829711914|219.53085327148438|110.72064971923828|78.80859375|579.8400268554688|138.3753204345703||129.4047393798828|17.539012908935547|122.38021850585938|83.49644470214844|112.91722869873047|142.60765075683594|281.663330078125|201.1899871826172|42.53990173339844|3853.070068359375|0.0729999989271164
2021-01-18|||||||||||||||||||||||||56.316444396972656|||||||||||
2021-01-22|134.88833618164062|110.50442504882812|161.88099670410156|81.92927551269531|33466.09765625|36.88775634765625|9.750279426574707|79.38229370117188|82.03951263427734|27.372182846069336||1837.9000244140625|92.66000366210938|76.55650329589844|113.59111022949219|94.27731323242188|121.22615051269531|45.57927322387695|125.29016876220703|233.15335083007812|111.18379974365234|77.63179016113281|538.5999755859375|130.2279510498047||129.01547241210938|17.427230834960938|122.50755310058594|83.48678588867188|113.04956817626953|144.04891967773438|278.4766540527344|194.40325927734375|40.72725296020508|3787.3798828125|0.054999999701976776
2021-01-25|||||||||||||||||||||||||56.316444396972656|||||||||||
2021-01-29|135.1835174560547|109.95868682861328|166.5500030517578|81.53600311279297|36926.06640625|39.489898681640625|9.881566047668457|79.3644790649414|84.61334228515625|28.433469772338867||1788.9000244140625|102.68150329589844|76.72330474853516|112.85517120361328|94.46790313720703|128.8103485107422|45.449440002441406|124.68130493164062|236.15890502929688|111.00424194335938|78.14019012451172|552.1599731445312|136.3472137451172||129.46961975097656|17.712919235229492|121.2576675415039|83.47713470458984|112.71426391601562|140.62005615234375|283.3299865722656|205.22085571289062|42.73443603515625|3871.739990234375|0.029999999329447746
2021-02-01|||||||||||||||||||||||||55.37783432006836|||||||||||
2021-02-05|132.95982360839844|110.1295166015625|163.10650634765625|81.65648651123047|47909.33203125|41.67032241821289|9.907822608947754|82.0575180053711|81.08890533447266|27.82794952392578||1824.9000244140625|104.4375|77.22516632080078|113.02507019042969|95.160400390625|129.76071166992188|46.645721435546875|124.89955139160156|238.57894897460938|111.5833511352539|79.03455352783203|557.5900268554688|152.17794799804688||125.10395050048828|17.89544105529785|120.5998306274414|83.50611877441406|112.82015991210938|140.48130798339844|270.5533447265625|206.60369873046875|44.06961441040039|3916.3798828125|0.03500000014901161
2021-02-08|||||||||||||||||||||||||56.316444396972656|||||||||||
2021-02-12|127.81761169433594|109.51689910888672|166.4114990234375|81.17817687988281|51679.796875|43.184940338134766|10.004101753234863|84.71487426757812|81.12625885009766|27.801908493041992||1773.4000244140625|105.29049682617188|77.09297943115234|111.90612030029297|95.0038833618164|135.649169921875|47.081581115722656|123.99365997314453|237.89585876464844|110.6934585571289|76.00308990478516|548.219970703125|147.9695281982422||125.47466278076172|17.84783172607422|121.7275390625|83.50611877441406|111.5760269165039|136.93527221679688|262.4599914550781|205.63768005371094|46.778350830078125|3913.969970703125|0.023000000044703484
2021-02-15|||||||||||||||||||||||||56.78574752807617|||||||||||
2021-02-19|119.22481536865234|107.8298568725586|152.85800170898438|79.9027328491211|47093.8515625|48.02050018310547|10.065366744995117|92.55927276611328|78.9424819946289|25.340749740600586||1774.4000244140625|100.79750061035156|76.39685821533203|109.72554779052734|94.23869323730469|140.85748291015625|46.52516555786133|120.6659927368164|223.96835327148438|109.15042877197266|69.72362518310547|546.7000122070312|132.7873992919922||120.49720764160156|17.633560180664062|118.95524597167969|83.36109161376953|109.67011260986328|130.65431213378906|227.4066619873047|209.9596710205078|50.1414909362793|3829.340087890625|0.032999999821186066
2021-02-22|||||||||||||||||||||||||57.25505447387695|||||||||||
2021-02-26|118.37735748291016|107.78273010253906|148.8784942626953|79.85585021972656|48561.16796875|50.36583709716797|10.117273330688477|94.50360870361328|78.34441375732422|25.894187927246094||1700.199951171875|101.69650268554688|76.09727478027344|109.58209228515625|93.8126449584961|140.27981567382812|46.31187057495117|120.10211181640625|221.75790405273438|109.31132507324219|67.46797943115234|511.2900085449219|123.4351806640625||119.4127426147461|18.04730987548828|114.7920913696289|83.4094467163086|110.4024658203125|130.74868774414062|207.14666748046875|207.7495880126953|52.794246673583984|3768.469970703125|0.02800000086426735
2021-03-01|||||||||||||||||||||||||61.47878646850586|||||||||||
2021-03-05|120.18064880371094|108.0361099243164|155.67950439453125|79.98529052734375|57805.12109375|54.17815017700195|10.117273330688477|100.55365753173828|82.1773681640625|27.36566925048828||1722.300048828125|105.0270004272461|76.66914367675781|109.77281188964844|94.48554992675781|143.78309631347656|47.1835823059082|120.6062240600586|231.92984008789062|110.27362823486328|70.8465805053711|523.0599975585938|129.6542205810547||124.46783447265625|18.454925537109375|119.2653579711914|83.43069458007812|111.19660949707031|131.25537109375|233.1999969482422|222.13978576660156|55.132266998291016|3939.340087890625|0.02800000086426735
2021-03-08|||||||||||||||||||||||||64.763916015625|||||||||||
2021-03-12|118.77153015136719|107.07320404052734|151.39950561523438|79.23387145996094|57858.921875|48.33744430541992|11.172987937927246|94.15995788574219|83.66343688964844|28.07225227355957||1732.199951171875|101.06700134277344|75.81138610839844|108.23209381103516|93.43822479248047|146.88571166992188|46.8961067199707|118.96678161621094|225.660400390625|109.58139038085938|67.3165512084961|504.7900085449219|126.9938735961914||123.82316589355469|18.622772216796875|120.94754028320312|83.44033813476562|109.99656677246094|126.44934844970703|217.72000122070312|216.7471466064453|51.085697174072266|3915.4599609375|0.003000000026077032
2021-03-15|||||||||||||||||||||||||64.763916015625|||||||||||
2021-03-19|118.83063507080078|107.71512603759766|152.31300354003906|79.76924133300781|51704.16015625|48.509498596191406|11.172987937927246|95.01908111572266|86.56306457519531|28.51272964477539||1724.9000244140625|101.62300109863281|76.6337890625|109.05508422851562|94.36333465576172|142.13397216796875|48.64229202270508|120.14312744140625|227.244873046875|109.95124053955078|69.51216125488281|502.8599853515625|125.12478637695312||130.4567108154297|18.830581665039062|125.43959045410156|83.46936798095703|111.17893981933594|129.48968505859375|213.4633331298828|204.28216552734375|50.5191764831543|3909.52001953125|0.014999999664723873
2021-03-22|||||||||||||||||||||||||66.64112854003906|||||||||||
2021-03-26|121.20547485351562|107.65848541259766|158.0500030517578|79.64716339111328|59095.80859375|48.91697692871094|11.032225608825684|95.634033203125|87.24267578125|28.867740631103516||1726.5|106.48899841308594|76.9963607788086|108.48091888427734|94.81718444824219|143.21475219726562|49.10047149658203|120.97673797607422|237.03533935546875|109.99864959716797|71.70779418945312|539.4199829101562|137.86659240722656||131.99832153320312|19.611604690551758|126.19140625|83.40168762207031|110.79071044921875|129.83905029296875|220.5833282470703|213.01449584960938|51.60725021362305|4019.8701171875|0.00800000037997961
2021-03-29|||||||||||||||||||||||||69.45695495605469|||||||||||
2021-04-02|128.45811462402344|108.07666778564453|164.96499633789062|80.07281494140625|58323.953125|46.399600982666016|11.084378242492676|93.16519165039062|88.45690155029297|29.518600463867188||1756.800048828125|112.52149963378906|77.42547607421875|109.07483673095703|95.45259094238281|144.52845764160156|49.67087173461914|121.63111114501953|247.69631958007812|110.46583557128906|73.59111022949219|554.5800170898438|142.90992736816406||133.17552185058594|19.780603408813477|128.9918975830078|83.45873260498047|111.11810302734375|130.48934936523438|227.93333435058594|216.78640747070312|50.35731887817383|4097.169921875|0.004999999888241291
2021-04-05|||||||||||||||||||||||||75.08859252929688|||||||||||
2021-04-09|132.53770446777344|108.57779693603516|168.95449829101562|80.43993377685547|63314.01171875|46.99725341796875|11.358393669128418|93.52691650390625|90.38695526123047|30.090560913085938||1765.4000244140625|114.26249694824219|77.62068176269531|109.7355728149414|95.66279602050781|142.6149444580078|49.86722946166992|122.47563171386719|253.80929565429688|111.14968872070312|75.88136291503906|549.219970703125|161.07937622070312||132.9606475830078|19.708175659179688|128.9730987548828|83.45873260498047|111.9052734375|132.701904296875|246.28334045410156|222.26747131347656|51.23855972290039|4170.419921875|0.009999999776482582
2021-04-12|||||||||||||||||||||||||76.49650573730469|||||||||||
2021-04-16|130.0150604248047|108.51158905029297|165.45199584960938|80.43052673339844|51762.2734375|44.78774642944336|11.40259075164795|91.29319763183594|90.68598175048828|29.636934280395508||1781.199951171875|112.6259994506836|77.31900787353516|109.79301452636719|95.32994079589844|138.11634826660156|50.90515899658203|122.0950927734375|251.53038024902344|111.1971435546875|74.1210708618164|508.7799987792969|148.23272705078125||136.47361755371094|19.603559494018555|126.52034759521484|83.4684066772461|111.98490142822266|132.73971557617188|239.89666748046875|223.53463745117188|49.700870513916016|4134.97998046875|0.014999999664723873
2021-04-19|||||||||||||||||||||||||75.08859252929688|||||||||||
2021-04-23|131.53257751464844|108.1333999633789|173.5655059814453|80.14813232421875|53555.109375|48.111061096191406|11.764997482299805|96.67404174804688|90.20572662353516|29.512022018432617||1768.0999755859375|119.63800048828125|77.62068176269531|109.05567932128906|95.69779205322266|145.44529724121094|50.736846923828125|121.46404266357422|246.97256469726562|110.89324188232422|73.08007049560547|509.0|152.9691162109375||134.4835662841797|19.748571395874023|125.32475280761719|83.45873260498047|112.39173889160156|130.78250122070312|225.6666717529297|232.65985107421875|53.00107192993164|4211.47021484375|0.00800000037997961
2021-04-26|||||||||||||||||||||||||75.55789947509766|||||||||||
2021-04-30|127.84716033935547|108.38868713378906|165.31849670410156|80.34580993652344|56396.515625|50.43828582763672|11.818272590637207|98.59122467041016|91.10281372070312|29.242477416992188||1815.5|116.86750030517578|77.43434143066406|109.5919189453125|95.38250732421875|150.59991455078125|50.99866485595703|122.22503662109375|244.25352478027344|110.79825592041016|70.04216766357422|499.54998779296875|144.96617126464844||135.99710083007812|19.7890682220459|127.81212615966797|83.4684066772461|112.77207946777344|132.29530334472656|221.17999267578125|227.21810913085938|55.348079681396484|4201.6201171875|0.00800000037997961
2021-05-03|||||||||||||||||||||||||76.0271987915039|||||||||||
2021-05-07|123.14674377441406|107.98458099365234|158.07350158691406|80.00749206542969|49716.19140625|49.11620330810547|12.288873672485352|96.47506713867188|93.3318862915039|29.196455001831055||1823.800048828125|111.4520034790039|77.39287567138672|109.13612365722656|95.3560562133789|151.35910034179688|50.970619201660156|121.19853973388672|237.70045471191406|110.72394561767578|68.73614501953125|486.6600036621094|136.4042510986328||136.75392150878906|19.643266677856445|130.2522735595703|83.48001098632812|113.05367279052734|128.5976104736328|190.56333923339844|219.7725067138672|53.324798583984375|4112.5|0.00800000037997961
2021-05-10|||||||||||||||||||||||||76.49650573730469|||||||||||
2021-05-14|125.66569519042969|108.2212905883789|162.38400268554688|80.21489715576172|40782.73828125|50.54785919189453|12.288873672485352|93.65352630615234|93.56240844726562|30.340391159057617||1881.800048828125|115.34750366210938|77.43740844726562|109.39483642578125|95.43517303466797|150.7311553955078|51.10152816772461|121.9331283569336|241.07481384277344|110.97125244140625|70.3071517944336|501.6700134277344|145.85952758789062||137.55740356445312|19.594667434692383|130.51708984375|83.49937438964844|112.8671646118164|129.94215393066406|195.5933380126953|222.74769592285156|53.68196105957031|4159.1201171875|0.003000000026077032
2021-05-17|||||||||||||||||||||||||75.08859252929688|||||||||||
2021-05-21|123.66191864013672|108.46749877929688|161.5054931640625|80.39402770996094|38436.96875|50.675628662109375|12.235596656799316|94.29644012451172|91.49482727050781|29.584205627441406||1895.699951171875|118.13400268554688|77.6421890258789|109.62479400634766|95.72523498535156|154.03013610839844|51.88698196411133|122.37017822265625|244.40577697753906|111.294677734375|69.08628845214844|503.8599853515625|154.59864807128906||136.8847198486328|19.895715713500977|127.66081237792969|83.51872253417969|113.40000915527344|131.29620361328125|210.28334045410156|223.16085815429688|53.4265022277832|4200.8798828125|0.004999999888241291
2021-05-24|||||||||||||||||||||||||76.0271987915039|||||||||||
2021-05-28|121.94438171386719|108.14553833007812|159.35049438476562|80.18663024902344|39208.765625|54.27118682861328|12.546371459960938|98.4890365600586|93.01351165771484|30.36029052734375||1871.199951171875|117.37899780273438|77.52642822265625|109.36607360839844|95.61095428466797|155.73583984375|52.027244567871094|121.96102905273438|240.87660217285156|111.21858215332031|68.49006652832031|489.42999267578125|169.38922119140625||137.96847534179688|20.156646728515625|128.48365783691406|83.47034454345703|112.67179107666016|130.6807403564453|190.94667053222656|224.3905029296875|55.81683349609375|4192.85009765625|0.014999999664723873
2021-05-31|||||||||||||||||||||||||75.55789947509766|||||||||||
2021-06-04|124.48119354248047|109.31812286376953|167.4824981689453|81.058837890625|36702.59765625|54.90999221801758|12.602158546447754|99.23966217041016|93.05008697509766|30.983814239501953||1894.199951171875|121.75650024414062|78.24164581298828|111.01415252685547|96.53230285644531|150.32815551757812|52.27970504760742|124.43553161621094|252.17977905273438|112.03496551513672|69.93670654296875|487.2699890136719|173.93344116210938||138.9105682373047|20.327877044677734|128.42689514160156|83.53034210205078|114.28446197509766|135.16445922851562|203.3733367919922|230.13525390625|57.24919509887695|4239.18017578125|0.019999999552965164
2021-06-07|||||||||||||||||||||||||77.9044189453125|||||||||||
2021-06-11|130.08782958984375|109.03362274169922|174.46200561523438|80.87940979003906|38053.50390625|53.85140609741211|12.602158546447754|98.01301574707031|93.69963836669922|30.512855529785156||1773.800048828125|121.74349975585938|78.13445281982422|110.1607894897461|96.46174621582031|142.2306671142578|51.38203811645508|124.51005554199219|255.76780700683594|111.78726959228516|70.95468139648438|498.3399963378906|186.2762451171875||139.7764434814453|20.401268005371094|126.72451782226562|83.39485931396484|113.50768280029297|135.6385955810547|205.53334045410156|228.36460876464844|56.55582046508789|4221.85986328125|0.02800000086426735
2021-06-14|||||||||||||||||||||||||79.4079818725586|||||||||||
2021-06-18|131.68690490722656|109.13794708251953|172.45399475097656|80.94552612304688|34662.4375|56.02334213256836|12.584321022033691|98.07708740234375|90.63487243652344|29.34540557861328||1775.5999755859375|122.5|78.46495819091797|110.39089965820312|96.79692077636719|142.93356323242188|51.24161911010742|124.68706512451172|261.4439392089844|111.43476867675781|69.33731079101562|518.0599975585938|191.75006103515625||137.09422302246094|20.352340698242188|125.8071060180664|83.34648895263672|113.79338073730469|136.07476806640625|226.60667419433594|232.38792419433594|58.86404037475586|4266.490234375|0.0430000014603138
2021-06-21|||||||||||||||||||||||||79.4079818725586|||||||||||
2021-06-25|135.49703979492188|109.15687561035156|171.64849853515625|80.97384643554688|33572.1171875|57.38309860229492|12.584321022033691|97.22575378417969|91.0739974975586|29.83626365661621||1775.9000244140625|122.44450378417969|78.53641510009766|110.58267211914062|96.82335662841797|147.2166290283203|50.836517333984375|124.83615112304688|266.2573547363281|111.53004455566406|70.58363342285156|533.5399780273438|201.79905700683594||139.47525024414062|20.672561645507812|127.90673065185547|83.34648895263672|113.65946960449219|136.71009826660156|225.97332763671875|231.31570434570312|57.7144889831543|4319.93994140625|0.03999999910593033
2021-06-28|||||||||||||||||||||||||79.4079818725586|||||||||||
2021-07-02|141.3899383544922|110.2068099975586|186.57049560546875|81.77944946289062|32877.37109375|54.03392028808594|12.638060569763184|93.9211196899414|91.99800872802734|29.803098678588867||1799.5999755859375|125.04399871826172|78.73503112792969|112.25877380371094|97.17774963378906|141.46217346191406|50.99667739868164|126.37845611572266|271.9628601074219|112.3008041381836|71.47793579101562|530.760009765625|198.7114715576172||141.03753662109375|20.787456512451172|129.55238342285156|83.47518157958984|114.9521484375|141.1136016845703|217.60333251953125|232.75189208984375|54.86799621582031|4320.81982421875|0.0430000014603138
2021-07-05|||||||||||||||||||||||||80.37049865722656|||||||||||
2021-07-09|146.56227111816406|110.14988708496094|181.55999755859375|81.71321105957031|31780.73046875|52.09012985229492|12.638060569763184|92.73109436035156|95.09021759033203|30.333755493164062||1828.4000244140625|127.00499725341797|78.68126678466797|112.23959350585938|97.15118408203125|146.5379638671875|53.17295837402344|126.16375732421875|275.5018615722656|112.32941436767578|73.0857925415039|542.9500122070312|189.36135864257812||146.11024475097656|20.730003356933594|131.6141815185547|83.42681121826172|115.93170166015625|140.99021911621094|216.86666870117188|244.49717712402344|53.782318115234375|4360.02978515625|0.03799999877810478
2021-07-12|||||||||||||||||||||||||80.37049865722656|||||||||||
2021-07-16|144.90394592285156|110.42523193359375|181.90150451660156|81.93075561523438|32313.10546875|51.715965270996094|13.041116714477539|90.46088409423828|94.15706634521484|30.519489288330078||1805.0|128.42149353027344|78.67229461669922|112.64258575439453|97.08037567138672|142.26791381835938|53.20122146606445|126.78919982910156|280.5113525390625|112.4057388305664|72.41983032226562|511.7699890136719|195.6288604736328||146.05377197265625|20.574079513549805|130.3279266357422|83.47518157958984|115.98562622070312|141.94918823242188|216.4199981689453|240.15908813476562|52.103614807128906|4367.47998046875|0.0430000014603138
2021-07-19|||||||||||||||||||||||||79.4079818725586|||||||||||
2021-07-23|143.7589569091797|110.43473052978516|179.99600219726562|81.93075561523438|40008.421875|52.09012985229492|13.041116714477539|93.89366149902344|96.68207550048828|31.388431549072266||1831.199951171875|135.77749633789062|78.8336181640625|112.62336730957031|97.28395080566406|144.21913146972656|53.747642517089844|126.85449981689453|280.8642272949219|112.28170776367188|74.36065673828125|514.25|196.3078155517578||147.57838439941406|20.75615692138672|132.74649047851562|83.49452209472656|117.17191314697266|141.30352783203125|225.78334045410156|243.87747192382812|53.764068603515625|4419.14990234375|0.03999999910593033
2021-07-26|||||||||||||||||||||||||80.85176086425781|||||||||||
2021-07-30|145.16061401367188|110.44420623779297|168.79949951171875|81.94966125488281|40869.5546875|51.44929885864258|13.094179153442383|92.6670150756836|98.7405014038086|31.6205997467041||1805.0999755859375|136.25149536132812|78.4034194946289|112.94957733154297|96.64661407470703|144.36050415039062|53.22948455810547|126.73320007324219|283.8247985839844|112.2244644165039|76.57738494873047|524.8900146484375|206.0423126220703||145.2255401611328|20.979164123535156|135.62066650390625|83.46551513671875|116.16534423828125|142.6992950439453|238.2100067138672|236.293212890625|52.18572235107422|4429.10009765625|0.0430000014603138
2021-08-02|||||||||||||||||||||||||80.37049865722656|||||||||||
2021-08-06|146.96697998046875|109.880126953125|165.1750030517578|81.48155975341797|44428.2890625|52.45161819458008|13.094179153442383|93.95773315429688|96.69121551513672|31.859399795532227||1749.0|137.19400024414062|78.46800994873047|111.91846466064453|96.7869644165039|152.504638671875|53.549800872802734|125.47312927246094|284.1091003417969|111.92929077148438|78.96538543701172|510.7200012207031|198.7339324951172||145.9408416748047|20.86353302001953|136.0489501953125|83.42870330810547|116.59856414794922|139.02305603027344|240.75|228.0104522705078|52.32257843017578|4460.830078125|0.0430000014603138
2021-08-09|||||||||||||||||||||||||80.85176086425781|||||||||||
2021-08-13|145.02220153808594|110.45067596435547|159.3874969482422|81.95516204833984|46717.578125|48.221641540527344|12.590557098388672|86.3140640258789|98.68718719482422|32.62275314331055||1780.199951171875|135.67999267578125|78.29716491699219|112.94576263427734|96.60931396484375|145.42567443847656|53.56864547729492|126.37086486816406|290.93218994140625|111.94840240478516|80.4400405883789|543.7100219726562|197.66561889648438||149.5547637939453|20.81397819519043|137.99049377441406|83.43840789794922|116.76129150390625|143.02532958984375|224.49000549316406|228.10459899902344|48.83571243286133|4405.7998046875|0.0430000014603138
2021-08-16|||||||||||||||||||||||||78.92671966552734|||||||||||
2021-08-20|145.85256958007812|110.09883880615234|165.8000030517578|81.67098999023438|46942.21875|50.695255279541016|12.590557098388672|90.19609069824219|96.81279754638672|32.616058349609375||1792.199951171875|141.4405059814453|78.87262725830078|112.12006378173828|97.25772094726562|152.4669647216797|52.32505416870117|125.89401245117188|293.76788330078125|111.90062713623047|79.73600006103516|550.1199951171875|220.32958984375||145.52671813964844|20.714860916137695|135.54457092285156|83.41905975341797|116.64376068115234|141.1240234375|233.72000122070312|227.0703125|50.66948699951172|4470.0|0.0430000014603138
2021-08-23|||||||||||||||||||||||||79.4079818725586|||||||||||
2021-08-27|151.8927459716797|110.35560607910156|173.156005859375|81.89834594726562|49327.72265625|52.047000885009766|12.590557098388672|90.65068817138672|98.4748306274414|33.49866485595703||1808.699951171875|143.28700256347656|79.1243896484375|112.60011291503906|97.59524536132812|151.25099182128906|53.483856201171875|126.6888427734375|295.79119873046875|111.76683807373047|82.65267181396484|588.5499877929688|223.60443115234375||147.7101287841797|21.113218307495117|137.00070190429688|83.46743774414062|116.44485473632812|142.16021728515625|244.1300048828125|220.82518005371094|51.01216506958008|4536.9501953125|0.03999999910593033
2021-08-30|||||||||||||||||||||||||79.88924407958984|||||||||||
2021-09-03|152.3079376220703|110.56221771240234|174.20799255371094|82.04541015625|46391.421875|51.109066009521484|12.643837928771973|89.0642318725586|96.60043334960938|33.5855827331543||1797.4000244140625|143.54100036621094|79.33609771728516|112.590576171875|97.87559509277344|150.05389404296875|52.62653350830078|127.07695770263672|291.9606018066406|111.88619232177734|82.0409927368164|597.5399780273438|221.4569091796875||147.56655883789062|21.005157470703125|137.03878784179688|83.48971557617188|117.89282989501953|142.51231384277344|251.6199951171875|224.08566284179688|50.095272064208984|4493.27978515625|0.03799999877810478
2021-09-06|||||||||||||||||||||||||82.77680206298828|||||||||||
2021-09-10|147.0883026123047|110.43843078613281|174.41200256347656|81.94105529785156|47783.359375|54.4654426574707|12.643837928771973|90.28886413574219|93.6364974975586|33.552154541015625||1754.5999755859375|143.61000061035156|79.47138214111328|112.24472045898438|98.0984115600586|149.01702880859375|52.14604949951172|127.07695770263672|299.788818359375|111.80966186523438|80.28243255615234|586.5|222.1060028076172||147.4054718017578|20.946975708007812|137.15298461914062|83.4606704711914|117.50138092041016|142.67410278320312|252.3300018310547|220.97296142578125|51.697505950927734|4473.75|0.029999999329447746
2021-09-13|||||||||||||||||||||||||85.66436767578125|||||||||||
2021-09-17|145.15072631835938|110.09561157226562|170.8000030517578|81.69436645507812|44895.09765625|58.58506774902344|12.643837928771973|92.83090209960938|90.85722351074219|33.19778060913086||1747.699951171875|141.21600341796875|79.40825653076172|111.50495147705078|98.00037384033203|151.92965698242188|51.29612731933594|126.65538024902344|294.2294921875|111.66612243652344|77.67323303222656|593.260009765625|224.50259399414062||146.05043029785156|20.73085594177246|137.2291259765625|83.38322448730469|116.65471649169922|141.21778869628906|251.2133331298828|224.89337158203125|52.86445999145508|4448.97998046875|0.02500000037252903
2021-09-20|||||||||||||||||||||||||86.62689208984375|||||||||||
2021-09-24|139.88168334960938|109.35281372070312|164.2519989013672|81.0682144165039|43790.89453125|62.318458557128906|12.589653968811035|94.1204605102539|90.10929870605469|32.321861267089844||1755.300048828125|133.67599487304688|78.91217041015625|110.69791412353516|97.46563720703125|154.2956085205078|49.805843353271484|124.6133041381836|276.9034118652344|111.15898132324219|75.04495239257812|610.3400268554688|206.8675537109375||142.52542114257812|20.82164764404297|133.05105590820312|83.40257263183594|116.24505615234375|137.37225341796875|258.49334716796875|219.41659545898438|54.475948333740234|4307.5400390625|0.02800000086426735
2021-09-27|||||||||||||||||||||||||86.62689208984375|||||||||||
2021-10-01|141.6511993408203|108.92427062988281|165.1215057373047|80.77410888671875|53805.984375|65.75760650634766|12.642931938171387|98.04486846923828|93.22098541259766|32.56925582885742||1757.9000244140625|139.22500610351562|78.48825073242188|110.17910766601562|96.82393646240234|160.3283233642578|51.14425277709961|124.04192352294922|289.6033020019531|110.8336410522461|77.33873748779297|631.8499755859375|210.4524688720703||148.19195556640625|20.8551082611084|135.44940185546875|83.3445053100586|116.29969024658203|136.00160217285156|264.53668212890625|227.09986877441406|56.18006134033203|4399.759765625|0.03999999910593033
2021-10-04|||||||||||||||||||||||||84.70185089111328|||||||||||
2021-10-08|142.11581420898438|109.5435562133789|164.9929962158203|81.22974395751953|57321.5234375|67.90937805175781|12.642931938171387|100.94873809814453|93.85808563232422|33.51872253417969||1796.699951171875|141.1510009765625|79.06510162353516|110.71714782714844|97.59800720214844|155.01673889160156|51.83718490600586|125.48147583007812|297.3627624511719|111.1053466796875|77.85485076904297|633.7999877929688|217.15298461914062||150.9114990234375|21.114442825317383|137.0958709716797|83.26800537109375|117.62623596191406|139.033447265625|272.7733459472656|221.8102264404297|57.42109680175781|4438.259765625|0.03999999910593033
2021-10-11|||||||||||||||||||||||||86.1456298828125|||||||||||
2021-10-15|147.77041625976562|108.58021545410156|171.75050354003906|80.5456314086914|62210.171875|68.58985900878906|12.642931938171387|103.66704559326172|95.10460662841797|34.14723587036133||1781.199951171875|141.88600158691406|78.77552032470703|109.28461456298828|97.24026489257812|160.73497009277344|51.59038162231445|123.67949676513672|305.230224609375|110.57826232910156|80.100830078125|653.1599731445312|226.59962463378906||150.835693359375|20.988964080810547|132.60372924804688|83.12273406982422|117.37958526611328|135.86929321289062|298.0|226.79452514648438|58.06013870239258|4549.77978515625|0.05000000074505806
2021-10-18|||||||||||||||||||||||||84.70185089111328|||||||||||
2021-10-22|150.82508850097656|109.37187957763672|172.32850646972656|81.10620880126953|60622.13671875|69.10481262207031|12.642931938171387|104.94734191894531|94.63369750976562|35.27054977416992||1801.5999755859375|145.8489990234375|78.87507629394531|110.15949249267578|97.32967376708984|161.55047607421875|53.19457244873047|125.34069061279297|318.578369140625|111.02865600585938|82.5953369140625|674.0499877929688|249.05789184570312||153.14779663085938|21.114765167236328|136.63381958007812|83.11309051513672|117.83631134033203|140.3296661376953|359.0133361816406|206.6997833251953|59.56049346923828|4596.419921875|0.04800000041723251
2021-10-25|||||||||||||||||||||||||86.62689208984375|||||||||||
2021-10-29|149.23350524902344|109.46725463867188|173.85000610351562|81.31526947021484|61452.23046875|67.81780242919922|13.462718963623047|105.30917358398438|93.27638244628906|36.17988586425781||1793.0|148.2675018310547|78.88412475585938|110.64022827148438|97.32073211669922|159.58750915527344|53.726139068603516|125.62222290039062|330.45330810546875|111.1628189086914|81.0087890625|668.4000244140625|297.5892639160156||155.69677734375|21.23262596130371|139.16192626953125|83.2195816040039|118.0372543334961|140.19622802734375|409.9700012207031|205.65565490722656|59.65311050415039|4680.06005859375|0.03500000014901161
2021-11-01|||||||||||||||||||||||||85.66436767578125|||||||||||
2021-11-05|146.17881774902344|109.22862243652344|173.625|81.05288696289062|64949.9609375|66.73545837402344|13.353416442871094|105.9122085571289|92.56539916992188|36.57438659667969||1863.199951171875|145.76649475097656|78.81855010986328|110.04498291015625|97.41917419433594|158.9426727294922|53.859031677246094|125.18281555175781|326.51458740234375|111.48053741455078|81.59180450439453|657.5800170898438|303.470947265625||154.16171264648438|21.114765167236328|140.19618225097656|82.99784088134766|119.26481628417969|141.21466064453125|354.5033264160156|207.2711181640625|59.56049346923828|4649.27001953125|0.03999999910593033
2021-11-08|||||||||||||||||||||||||86.1456298828125|||||||||||
2021-11-12|156.29220581054688|109.12352752685547|184.80299377441406|80.93871307373047|56942.13671875|67.27203369140625|13.353416442871094|106.1812515258789|91.7155532836914|35.79876708984375||1861.0|149.8385009765625|78.64605712890625|110.20856475830078|97.07811737060547|154.6184844970703|52.596561431884766|124.6750259399414|335.19732666015625|111.41337585449219|83.72310638427734|682.02001953125|316.30279541015625||154.85345458984375|21.047412872314453|140.8856658935547|83.07530975341797|119.40194702148438|140.0980987548828|365.4599914550781|200.63978576660156|59.70393371582031|4704.5400390625|0.04500000178813934
2021-11-15|||||||||||||||||||||||||87.108154296875|||||||||||
2021-11-19|160.32156372070312|108.62678527832031|179.02049255371094|80.57707214355469|57274.6796875|69.22394561767578|13.353416442871094|109.97988891601562|93.40311431884766|36.704345703125||1791.4000244140625|146.1199951171875|78.15583038330078|109.58319091796875|96.46778869628906|158.3262939453125|52.61555099487305|123.76287078857422|332.5043029785156|111.49014282226562|83.35035705566406|658.2899780273438|326.27874755859375||155.1566619873047|20.8706111907959|142.3603973388672|82.93975067138672|118.13103485107422|140.1077117919922|372.0|200.56085205078125|59.581905364990234|4701.4599609375|0.05000000074505806
2021-11-22|||||||||||||||||||||||||86.1456298828125|||||||||||
2021-11-26|162.12335205078125|109.48655700683594|171.8679962158203|81.22421264648438|56477.81640625|65.92139434814453|13.353416442871094|108.05601501464844|91.04425811767578|35.63371658325195||1760.699951171875|142.96600341796875|78.07412719726562|111.29573059082031|96.2972412109375|152.87362670898438|50.3753776550293|125.21101379394531|324.21905517578125|111.5956802368164|85.0730972290039|616.469970703125|320.80645751953125||152.2001953125|20.818687438964844|141.01971435546875|82.9300537109375|118.35957336425781|145.55667114257812|361.5333251953125|195.66650390625|57.517005920410156|4577.10009765625|0.0430000014603138
2021-11-29|||||||||||||||||||||||||89.51445770263672|||||||||||
2021-12-03|172.8154296875|109.24907684326172|174.17100524902344|81.05728912353516|47672.12109375|67.11474609375|12.866903305053711|110.87145233154297|93.496337890625|35.781856536865234||1774.5999755859375|147.6385040283203|78.72370147705078|110.9759750366211|97.13014221191406|152.16241455078125|52.47831726074219|124.95589447021484|327.77130126953125|111.70000457763672|86.31147003173828|611.0|304.50677490234375||158.65684509277344|20.94578742980957|146.8229522705078|82.85245513916016|117.7421875|142.5709991455078|334.6000061035156|208.5931396484375|58.76533508300781|4667.4501953125|0.05299999937415123
2021-12-06|||||||||||||||||||||||||92.40201568603516|||||||||||
2021-12-10|170.5384063720703|109.40216064453125|168.87100219726562|81.22886657714844|47665.42578125|66.32843017578125|12.866903305053711|109.4637222290039|97.4681625366211|36.603336334228516||1796.5999755859375|144.44500732421875|78.74195098876953|111.4477767944336|97.4364013671875|152.114990234375|56.10377502441406|125.01243591308594|319.7024230957031|111.8537368774414|88.53861999511719|591.0599975585938|283.5039367675781||163.913330078125|21.013568878173828|154.2828369140625|82.96871948242188|117.1012191772461|142.49459838867188|308.97332763671875|211.5337371826172|57.601478576660156|4668.669921875|0.03500000014901161
2021-12-13|||||||||||||||||||||||||93.36453247070312|||||||||||
2021-12-17|174.51821899414062|109.36100769042969|171.06849670410156|80.85712432861328|50784.5390625|65.85663604736328|12.866903305053711|109.24788665771484|96.0043716430664|36.69087600708008||1811.199951171875|146.91650390625|79.6602554321289|111.1357192993164|97.98588562011719|149.12789916992188|55.69244384765625|125.25360107421875|329.33587646484375|112.05859375|87.06983947753906|614.0900268554688|296.01776123046875||161.9671630859375|21.034761428833008|153.3156280517578|82.89896392822266|118.13567352294922|142.0621337890625|355.6666564941406|213.75396728515625|57.272972106933594|4725.7900390625|0.057999998331069946
2021-12-20|||||||||||||||||||||||||92.88327026367188|||||||||||
2021-12-24|176.41903686523438|109.2844009399414|168.64450073242188|81.05764770507812|47178.125|66.8649673461914|12.866903305053711|110.20512390136719|97.7012710571289|38.61665725708008||1812.699951171875|146.20050048828125|79.54143524169922|110.95262145996094|98.11079406738281|150.28477478027344|56.22813034057617|125.2724609375|333.8917541503906|111.99124145507812|89.05699157714844|612.0900268554688|295.47845458984375||164.72418212890625|21.333383560180664|155.8724822998047|82.90868377685547|119.17671203613281|141.4690704345703|356.7799987792969|214.9874267578125|57.05709457397461|4778.72998046875|0.02500000037252903
2021-12-27|||||||||||||||||||||||||92.40201568603516|||||||||||
2021-12-31|170.281005859375|108.03949737548828|163.25399780273438|80.12059020996094|43160.9296875|72.60974884033203|12.920165061950684|115.67642974853516|96.47055053710938|38.19917678833008||1788.699951171875|137.74749755859375|78.68231201171875|109.00590515136719|97.17063903808594|156.96075439453125|57.844764709472656|122.9693603515625|308.85870361328125|111.577392578125|82.337158203125|553.2899780273438|281.4166259765625||165.85940551757812|21.16707992553711|155.929931640625|82.67606353759766|116.4312973022461|137.0594940185547|354.8999938964844|216.84255981445312|64.12469482421875|4696.0498046875|0.09000000357627869
2022-01-03|||||||||||||||||||||||||93.36453247070312|||||||||||
2022-01-07|170.4691162109375|108.02034759521484|161.21400451660156|80.1014404296875|42591.5703125|77.570068359375|13.223197937011719|118.9986343383789|97.10456085205078|38.03757858276367||1821.199951171875|138.58700561523438|78.75543975830078|109.246826171875|97.27909851074219|160.4868621826172|58.256099700927734|122.9977035522461|299.9239501953125|111.07695770263672|81.50199127197266|519.2000122070312|265.40728759765625||166.16470336914062|21.40587043762207|151.58233642578125|82.6469955444336|116.52342224121094|138.00645446777344|343.85333251953125|212.15538024902344|66.29285430908203|4659.02978515625|0.10999999940395355
2022-01-10|||||||||||||||||||||||||97.21461486816406|||||||||||
2022-01-14|162.8658905029297|107.05313873291016|151.66749572753906|79.44166564941406|40680.41796875|79.43463134765625|13.223197937011719|120.547119140625|95.38903045654297|38.36751937866211||1842.5|133.3074951171875|78.0791015625|108.16748046875|96.38416290283203|140.86363220214844|58.11260986328125|120.87393951416016|296.7751770019531|110.54767608642578|80.16761779785156|508.25|241.18856811523438||165.9357452392578|21.090328216552734|155.13511657714844|82.43377685546875|115.34419250488281|135.76824951171875|332.0899963378906|211.5139923095703|68.77073669433594|4482.72998046875|0.1679999977350235
2022-01-17|||||||||||||||||||||||||95.77083587646484|||||||||||
2022-01-21|157.62872314453125|106.99567413330078|139.6374969482422|79.3269271850586|37138.234375|83.1730728149414|12.56203842163086|127.04135131835938|96.26544189453125|37.795169830322266||1793.300048828125|129.0050048828125|77.17430114746094|108.23494720458984|95.22703552246094|138.6217803955078|57.06037139892578|120.40200805664062|295.0433349609375|109.54679870605469|69.6078872680664|386.70001220703125|219.1570281982422||161.57601928710938|20.756988525390625|153.2095184326172|82.2981185913086|115.860107421875|136.85867309570312|276.3666687011719|203.4224853515625|70.50714111328125|4326.509765625|0.1850000023841858
2022-01-24|||||||||||||||||||||||||93.84579467773438|||||||||||
2022-01-28|171.17202758789062|106.55517578125|138.8455047607422|78.9826889038086|37154.6015625|84.29551696777344|12.543673515319824|125.94334411621094|98.29796600341797|41.33940505981445||1803.0|143.08999633789062|76.8635482788086|107.99400329589844|94.94679260253906|141.8557586669922|58.93527603149414|119.59969329833984|296.4307861328125|109.61414337158203|72.7374038696289|405.6000061035156|239.1711883544922||167.2999267578125|20.73982048034668|158.0331268310547|82.24964904785156|114.81906127929688|134.9552001953125|297.0466613769531|228.47654724121094|74.7871322631836|4477.43994140625|0.19300000369548798
2022-01-31|||||||||||||||||||||||||93.36453247070312|||||||||||
2022-02-04|170.39979553222656|104.89630889892578|159.0034942626953|77.77237701416016|43565.11328125|85.26028442382812|12.633965492248535|127.67012786865234|93.03949737548828|39.687339782714844||1836.199951171875|138.6199951171875|76.08648681640625|106.11054229736328|93.97415161132812|148.77206420898438|58.71525573730469|117.188232421875|297.54266357421875|108.697265625|72.43020629882812|406.2699890136719|257.9069519042969||160.62205505371094|20.430782318115234|151.32244873046875|81.61275482177734|113.66565704345703|130.48797607421875|301.51666259765625|222.6052703857422|73.43555450439453|4504.080078125|0.3700000047683716
2022-02-07|||||||||||||||||||||||||91.43949890136719|||||||||||
2022-02-11|167.40521240234375|105.14566040039062|154.65249633789062|77.95436096191406|40538.01171875|84.56452941894531|12.652411460876465|125.38965606689453|92.05120849609375|39.41356658935547||1900.699951171875|132.53900146484375|75.92137145996094|106.94013977050781|93.6747055053711|144.46009826660156|59.42313003540039|116.67756652832031|286.0791015625|108.59127807617188|72.36300659179688|386.6700134277344|244.75396728515625||159.0766143798828|20.06165885925293|153.8738555908203|81.87448120117188|114.38674926757812|131.02435302734375|292.1166687011719|221.99884033203125|74.24017333984375|4380.259765625|0.3449999988079071
2022-02-14|||||||||||||||||||||||||89.51445770263672|||||||||||
2022-02-18|161.31883239746094|104.9730224609375|151.35800170898438|77.82025146484375|38332.609375|81.79205322265625|12.172874450683594|127.88207244873047|91.38004302978516|38.98875427246094||1925.0999755859375|132.6909942626953|76.2607650756836|106.9690933227539|94.0467300415039|137.89678955078125|57.88302993774414|116.29933166503906|290.4767150878906|108.53343963623047|72.42060852050781|390.0299987792969|237.17376708984375||156.2528076171875|20.06165885925293|146.11370849609375|81.8260269165039|115.6717758178711|131.00518798828125|266.92333984375|214.77381896972656|71.93408966064453|4288.7001953125|0.28299999237060547
2022-02-21|||||||||||||||||||||||||82.29554748535156|||||||||||
2022-02-25|164.77835083007812|105.35662841796875|147.89849853515625|78.12677001953125|42451.7890625|90.8168716430664|12.643189430236816|148.14784240722656|96.65342712402344|41.05504608154297||1934.4000244140625|133.89950561523438|76.20571899414062|107.93373107910156|93.95597839355469|131.9249267578125|59.75794219970703|116.80997467041016|291.7881774902344|108.5045394897461|75.63653564453125|368.07000732421875|236.83421325683594||155.75672912597656|20.591575622558594|148.61700439453125|81.86479187011719|117.29888153076172|132.04925537109375|279.7633361816406|204.82089233398438|76.90684509277344|4363.490234375|0.33500000834465027
2022-02-28|||||||||||||||||||||||||75.0766372680664|||||||||||
2022-03-04|157.1356964111328|104.13717651367188|146.8175048828125|77.15638732910156|39437.4609375|92.97052001953125|13.162117004394531|161.99342346191406|99.99636840820312|41.50242614746094||1998.0999755859375|132.42950439453125|75.05017852783203|106.77588653564453|92.49600219726562|125.79087829589844|55.36720657348633|113.93241119384766|281.60235595703125|107.86150360107422|77.3779067993164|356.7699890136719|226.32640075683594||148.3693084716797|20.487838745117188|139.5474853515625|81.64657592773438|118.17731475830078|128.96315002441406|279.4333190917969|195.6685333251953|81.00651550292969|4259.52001953125|0.36000001430511475
2022-03-07|||||||||||||||||||||||||77.00167846679688|||||||||||
2022-03-11|159.2173309326172|103.58972930908203|157.23899841308594|76.69590759277344|40951.37890625|92.14076232910156|13.643771171569824|152.1497802734375|100.28829193115234|41.35964584350586||1942.0999755859375|133.83900451660156|75.73146057128906|104.99935150146484|93.20646667480469|133.6992950439453|57.481258392333984|115.20221710205078|291.0978698730469|107.0700454711914|79.82008361816406|371.3999938964844|247.38279724121094||154.54376220703125|20.56563949584961|144.64064025878906|81.32659149169922|117.72348022460938|126.44064331054688|290.5333251953125|210.96856689453125|74.95191192626953|4411.669921875|0.36000001430511475
2022-03-14|||||||||||||||||||||||||78.92671966552734|||||||||||
2022-03-18|172.54989624023438|102.71576690673828|163.64950561523438|76.18749237060547|43960.93359375|97.46428680419922|13.773446083068848|157.7069854736328|101.20172119140625|42.33057403564453||1961.5999755859375|141.57200622558594|75.40924072265625|103.48348999023438|92.84213256835938|134.21444702148438|58.779151916503906|113.92293548583984|299.85394287109375|106.00830841064453|80.79503631591797|375.7099914550781|281.1849060058594||157.93350219726562|20.40139389038086|145.45901489257812|81.02598571777344|116.51947021484375|125.13627624511719|337.97332763671875|214.78369140625|79.12751007080078|4520.16015625|0.4830000102519989
2022-03-21|||||||||||||||||||||||||78.92671966552734|||||||||||
2022-03-25|173.08517456054688|102.85981750488281|162.99749755859375|76.30259704589844|45538.67578125|93.2315673828125|13.71787166595459|154.41627502441406|105.14733123779297|45.33854675292969||1949.199951171875|139.0675048828125|75.75906372070312|103.76349639892578|93.36131286621094|130.0455780029297|59.7623405456543|114.6052017211914|304.0050964355469|105.82491302490234|81.76998138427734|374.5899963378906|272.5545654296875||160.7278289794922|20.959339141845703|147.11505126953125|80.82232666015625|115.37104797363281|126.68043518066406|359.20001220703125|219.1918487548828|78.37779235839844|4530.41015625|0.49300000071525574
2022-03-28|||||||||||||||||||||||||77.96419525146484|||||||||||
2022-04-01|170.63671875|101.09268188476562|157.7845001220703|74.85405731201172|43503.84765625|93.47276306152344|13.130815505981445|158.4656524658203|108.16067504882812|47.61356735229492||1933.800048828125|135.8885040283203|74.32288360595703|101.0697021484375|91.6033935546875|125.05630493164062|61.150367736816406|111.94242095947266|297.1620788574219|104.96589660644531|84.05772399902344|362.1499938964844|241.80902099609375||165.6923370361328|20.619884490966797|152.94955444335938|80.63810729980469|112.44441223144531|121.31895446777344|352.4200134277344|213.63719177246094|80.71234130859375|4500.2099609375|0.6600000262260437
2022-04-04|||||||||||||||||||||||||77.00167846679688|||||||||||
2022-04-08|163.8465576171875|100.00315856933594|151.7064971923828|74.1080093383789|39935.515625|94.791259765625|13.539993286132812|162.72364807128906|108.15126037597656|46.67119598388672||1970.9000244140625|126.7300033569336|74.17282104492188|99.98505401611328|91.3661117553711|121.20689392089844|62.673336029052734|109.56746673583984|275.92279052734375|104.21543884277344|79.93592834472656|341.1300048828125|212.342041015625||165.06817626953125|20.419689178466797|152.67037963867188|80.6923599243164|112.94564819335938|115.99102020263672|328.3333435058594|210.3162384033203|83.3505630493164|4392.58984375|0.7480000257492065
2022-04-11|||||||||||||||||||||||||79.88924407958984|||||||||||
2022-04-15|164.96669006347656|99.10863494873047|148.29600524902344|73.47330474853516|40527.36328125|92.26649475097656|13.46560001373291|156.0758514404297|108.55619049072266|47.34703826904297||1944.9000244140625|124.81449890136719|73.71063232421875|99.2601089477539|90.84489440917969|125.47391510009766|63.82038879394531|107.82965087890625|276.8890686035156|103.32611083984375|73.5360336303711|218.22000122070312|201.6040802001953||167.89134216308594|20.202083587646484|156.56007385253906|80.42072296142578|113.6261215209961|115.99102020263672|336.260009765625|213.93368530273438|82.59135437011719|4393.66015625|0.800000011920929
2022-04-18|||||||||||||||||||||||||79.88924407958984|||||||||||
2022-04-22|162.2109832763672|99.54145050048828|144.59649658203125|73.77142333984375|39773.828125|91.21917724609375|12.796038627624512|153.4300079345703|107.16250610351562|46.0143928527832||1888.699951171875|118.52249908447266|73.49803161621094|99.90773010253906|90.4242935180664|118.53518676757812|63.801116943359375|108.1240463256836|285.5859680175781|103.18112182617188|70.93939208984375|199.52000427246094|197.59857177734375||170.4456329345703|20.22042465209961|158.21295166015625|80.5759506225586|113.79389190673828|116.25037384033203|292.5033264160156|218.09475708007812|82.75267791748047|4287.5|0.7850000262260437
2022-04-25|||||||||||||||||||||||||79.69673919677734|||||||||||
2022-04-29|155.40093994140625|98.10830688476562|116.40699768066406|72.67510223388672|36575.140625|96.1845703125|12.242731094360352|157.6690673828125|103.63123321533203|44.643672943115234||1874.0|116.50550079345703|72.12993621826172|98.274169921875|88.60464477539062|119.09258270263672|62.18174362182617|106.12982177734375|273.4774169921875|102.5914535522461|69.3466567993164|188.32000732421875|188.22906494140625||163.61819458007812|20.053014755249023|149.54762268066406|80.41101837158203|110.44755554199219|110.82304382324219|291.09332275390625|202.85403442382812|85.70407104492188|4146.8701171875|0.8029999732971191
2022-05-02|||||||||||||||||||||||||77.57919311523438|||||||||||
2022-05-06|141.31504821777344|99.19659423828125|106.93049621582031|73.43611145019531|29047.751953125|93.13614654541016|11.803826332092285|156.19912719726562|102.50122833251953|43.644187927246094||1823.800048828125|112.84400177001953|71.19549560546875|99.82611083984375|87.30158996582031|113.44165802001953|62.18174362182617|106.82661437988281|251.78460693359375|101.97281646728516|66.13224029541016|174.30999755859375|161.5689239501953||163.6278076171875|18.97582244873047|147.15615844726562|80.72550964355469|110.9435806274414|113.27294158935547|242.6666717529297|191.71502685546875|81.8985824584961|3930.080078125|0.9049999713897705
2022-05-09|||||||||||||||||||||||||77.00167846679688|||||||||||
2022-05-13|136.3505859375|99.10025024414062|107.31900024414062|73.31085205078125|30314.333984375|97.82101440429688|12.466856956481934|158.238037109375|103.52313995361328|45.394222259521484||1841.199951171875|110.38400268554688|71.00061798095703|100.02935028076172|87.04446411132812|113.70112609863281|57.83451843261719|106.47447967529297|249.60546875|101.70171356201172|68.01454162597656|183.47999572753906|171.04832458496094||154.79344177246094|19.40529441833496|137.19338989257812|80.72550964355469|111.36631774902344|112.75333404541016|236.47332763671875|195.44808959960938|87.37769317626953|3900.7900390625|1.0
2022-05-16|||||||||||||||||||||||||77.77169799804688|||||||||||
2022-05-20|142.73379516601562|100.16976165771484|111.07749938964844|74.09127807617188|29267.224609375|106.28185272216797|12.466856956481934|168.84295654296875|107.58995819091797|47.12945556640625||1847.4000244140625|107.7925033569336|73.75674438476562|100.90034484863281|90.32273864746094|124.3975601196289|61.97932815551758|109.15845489501953|262.7979431152344|104.4514389038086|72.43560791015625|191.39999389648438|178.31016540527344||163.34933471679688|19.729595184326172|141.82139587402344|81.00697326660156|112.17420196533203|114.3025131225586|235.91000366210938|206.51922607421875|92.6506576538086|4057.840087890625|1.027999997138977
2022-05-23|||||||||||||||||||||||||80.85176086425781|||||||||||
2022-05-27|150.10975646972656|99.23513793945312|125.51100158691406|73.47466278076172|30467.48828125|107.98197174072266|12.466856956481934|168.27883911132812|106.22168731689453|46.96648406982422||1866.5|117.62249755859375|73.52474975585938|99.44867706298828|90.11154174804688|126.85782623291016|61.429893493652344|108.07344055175781|271.3766784667969|104.51920318603516|75.79481506347656|205.08999633789062|195.70068359375||160.05564880371094|20.3880558013916|142.52816772460938|80.70610809326172|110.50205993652344|111.88733673095703|258.3333435058594|212.9559326171875|93.63813018798828|4176.81982421875|1.1130000352859497
2022-05-30|||||||||||||||||||||||||82.19928741455078|||||||||||
2022-06-03|141.60211181640625|98.50650024414062|116.1500015258789|72.93134307861328|30111.998046875|111.36344146728516|12.644287109375|169.73214721679688|102.36392211914062|44.732723236083984||1848.800048828125|114.83550262451172|71.67642211914062|98.574951171875|87.81867218017578|120.4284439086914|59.56955337524414|106.47242736816406|261.7009582519531|103.69673919677734|75.08100128173828|192.77000427246094|180.2779541015625||157.39784240722656|20.06135368347168|137.95828247070312|80.5262222290039|111.67282104492188|110.3512954711914|239.7066650390625|204.1029815673828|98.10576629638672|4017.820068359375|1.2380000352859497
2022-06-06|||||||||||||||||||||||||80.27424621582031|||||||||||
2022-06-10|129.1136474609375|96.86551666259766|103.66000366210938|71.72468566894531|20381.650390625|96.2031478881836|12.644287109375|148.65904235839844|94.58186340332031|39.517417907714844||1845.699951171875|106.03350067138672|68.76988983154297|97.06331634521484|84.037353515625|109.01123809814453|56.938087463378906|104.19223022460938|242.11212158203125|101.970703125|68.79998016357422|173.35000610351562|155.86830139160156||151.8379669189453|18.357194900512695|129.07994079589844|80.0405502319336|108.97388458251953|107.69084930419922|213.10000610351562|187.2091064453125|87.61737060546875|3666.77001953125|1.4830000400543213
2022-06-13|||||||||||||||||||||||||78.85713958740234|||||||||||
2022-06-17|137.26390075683594|97.69566345214844|112.44000244140625|72.37145233154297|21085.876953125|82.55510711669922|11.047409057617188|136.18154907226562|98.25909423828125|40.48569869995117||1825.699951171875|112.24199676513672|69.41268157958984|98.36174774169922|84.87662506103516|109.48214721679688|60.07761001586914|104.90776824951172|255.84010314941406|102.6203842163086|74.94508361816406|181.7100067138672|162.10264587402344||158.67422485351562|18.44549560546875|137.7743377685547|80.29312896728516|109.6010971069336|110.0235595703125|235.07000732421875|194.72518920898438|81.6924819946289|3795.72998046875|1.559999942779541
2022-06-20|||||||||||||||||||||||||78.85713958740234|||||||||||
2022-06-24|135.7251739501953|98.14932250976562|106.20999908447266|72.65140533447266|19784.7265625|84.35855865478516|11.673086166381836|138.42845153808594|101.86981201171875|43.44807052612305||1804.0999755859375|108.96299743652344|68.57424926757812|99.12725830078125|83.65922546386719|108.22318267822266|61.07761001586914|104.97456359863281|253.83377075195312|103.13430786132812|75.19750213623047|174.8699951171875|151.4523162841797||161.14956665039062|18.773765563964844|139.21694946289062|80.41938781738281|108.25164794921875|110.72723388671875|224.47332763671875|194.97276306152344|82.10472869873047|3785.3798828125|1.600000023841858
2022-06-27|||||||||||||||||||||||||78.85713958740234|||||||||||
2022-07-01|145.2851104736328|98.08179473876953|116.33000183105469|72.56450653076172|21637.587890625|81.73795318603516|11.718117713928223|137.22373962402344|101.50874328613281|42.55648422241211||1737.9000244140625|118.78299713134766|69.71078491210938|98.94315338134766|84.92272186279297|110.25098419189453|61.07761001586914|105.45158386230469|265.2687683105469|103.60945129394531|78.03221130371094|189.27000427246094|158.4359588623047||164.7272186279297|18.956209182739258|141.35665893554688|80.29312896728516|107.98554229736328|109.65727996826172|244.5433349609375|200.82521057128906|82.39234924316406|3902.6201171875|1.8530000448226929
2022-07-04|||||||||||||||||||||||||78.66000366210938|||||||||||
2022-07-08|147.38967895507812|98.49359893798828|110.62999725341797|72.86322784423828|20569.919921875|77.25112915039062|11.164581298828125|129.97628784179688|101.62276458740234|42.32640075683594||1704.5|110.36750030517578|69.7617416381836|99.37472534179688|84.95967102050781|104.71087646484375|60.368873596191406|106.12920379638672|251.11587524414062|104.2183837890625|77.78950500488281|174.77999877929688|153.58038330078125||165.32672119140625|19.054109573364258|140.64987182617188|80.22396087646484|108.83900451660156|111.54532623291016|238.31333923339844|203.90492248535156|79.70793914794922|3790.3798828125|2.2730000019073486
2022-07-11|||||||||||||||||||||||||75.11141967773438|||||||||||
2022-07-15|154.21961975097656|99.18022155761719|124.62999725341797|73.37588500976562|23164.62890625|84.18016815185547|11.661828994750977|139.02125549316406|98.38262176513672|41.4731559753418||1712.699951171875|114.33999633789062|72.04503631591797|99.99581909179688|87.99060821533203|111.80795288085938|59.572757720947266|107.87029266357422|261.7503356933594|104.3932113647461|76.56632232666016|223.8800048828125|180.33609008789062||162.93838500976562|19.17870330810547|136.29298400878906|80.36006927490234|109.79405975341797|112.60774230957031|271.7066650390625|214.0848388671875|84.12763977050781|3998.949951171875|2.359999895095825
2022-07-18|||||||||||||||||||||||||76.6885757446289|||||||||||
2022-07-22|156.205078125|100.63077545166016|122.27999877929688|74.43985748291016|23843.88671875|89.03616333007812|11.81194019317627|143.79234313964844|103.52313995361328|44.358829498291016||1750.300048828125|114.22000122070312|72.95272064208984|102.02405548095703|89.10289764404297|111.31348419189453|62.194114685058594|109.38176727294922|273.18536376953125|105.37430572509766|82.0707015991211|226.02000427246094|179.6766815185547||169.05908203125|19.834352493286133|144.28176879882812|80.75869750976562|112.35363006591797|113.7281265258789|280.8999938964844|209.29196166992188|88.81576538085938|4072.429931640625|2.308000087738037
2022-07-25|||||||||||||||||||||||||76.6885757446289|||||||||||
2022-07-29|164.603515625|100.44703674316406|142.57000732421875|74.35279846191406|22630.95703125|85.07942199707031|11.94328784942627|144.50946044921875|104.26429748535156|43.19881057739258||1788.5|118.19000244140625|73.40189361572266|101.99495697021484|89.65904235839844|108.93809509277344|61.81547164916992|109.60181427001953|280.34088134765625|105.48114776611328|85.41022491455078|229.91000366210938|191.97547912597656||170.05503845214844|20.47995948791504|140.95877075195312|80.5156478881836|111.11204528808594|115.23480987548828|308.6333312988281|211.3913116455078|83.59074401855469|4151.93994140625|2.378000020980835
2022-08-01|||||||||||||||||||||||||79.44857025146484|||||||||||
2022-08-05|167.26400756835938|99.46807098388672|140.63999938964844|73.609375|23957.529296875|94.99966430664062|12.065254211425781|152.61741638183594|103.10506439208984|43.8123779296875||1789.699951171875|118.83999633789062|73.5005111694336|100.37522888183594|90.02180480957031|116.48115539550781|61.37858581542969|108.29371643066406|283.67156982421875|104.88374328613281|86.81785583496094|242.6999969482422|179.25706481933594||169.2524871826172|20.408222198486328|141.55322265625|80.31877899169922|110.95344543457031|110.68363952636719|286.6300048828125|209.0245819091797|89.34307098388672|4207.27001953125|2.490000009536743
2022-08-08|||||||||||||||||||||||||82.60285949707031|||||||||||
2022-08-12|173.12295532226562|99.51651000976562|142.3000030517578|73.62875366210938|23212.73828125|99.27826690673828|12.234129905700684|152.0437469482422|107.95814514160156|44.397178649902344||1755.300048828125|120.16999816894531|73.03079223632812|100.49189758300781|89.4724349975586|117.93547058105469|63.32033157348633|108.30329895019531|286.7848205566406|104.29991149902344|87.60420989990234|245.1699981689453|187.5594940185547||174.4352569580078|20.43512535095215|145.9481201171875|80.38689422607422|111.5321273803711|111.1674575805664|302.8699951171875|213.531494140625|91.36310577392578|4283.740234375|2.565000057220459
2022-08-15|||||||||||||||||||||||||79.84285736083984|||||||||||
2022-08-19|169.02725219726562|98.63481140136719|137.27999877929688|73.01817321777344|21600.904296875|106.57080841064453|11.877613067626953|158.82823181152344|106.15531158447266|44.254730224609375||1757.699951171875|116.6500015258789|72.41077423095703|99.24752807617188|88.55061340332031|114.93959045410156|62.786338806152344|107.19091796875|276.1818542480469|103.55067443847656|86.7790298461914|233.97999572753906|178.96731567382812||173.34262084960938|19.959884643554688|141.9819793701172|80.2214584350586|111.63822174072266|109.11612701416016|296.07000732421875|208.14488220214844|95.92254638671875|4199.1201171875|2.7300000190734863
2022-08-22|||||||||||||||||||||||||76.88571166992188|||||||||||
2022-08-26|157.0284423828125|96.9585952758789|127.81999969482422|71.75824737548828|20127.140625|102.24445343017578|11.877613067626953|150.06768798828125|103.74835968017578|42.9315299987793||1696.5999755859375|109.73999786376953|69.85552978515625|97.17681884765625|85.25440216064453|111.02262115478516|60.19411849975586|103.86336517333984|257.90838623046875|102.21762084960938|83.7404556274414|230.0399932861328|139.24342346191406||167.13490295410156|19.391687393188477|136.07662963867188|79.93919372558594|107.6549301147461|106.04883575439453|277.1600036621094|198.53224182128906|90.8694076538086|3966.85009765625|2.86299991607666
2022-08-29|||||||||||||||||||||||||76.88571166992188|||||||||||
2022-09-02|153.54908752441406|96.8835678100586|129.82000732421875|71.73379516601562|19329.833984375|102.99562072753906|11.130256652832031|150.4632568359375|104.7168960571289|43.82010269165039||1708.0|108.37999725341797|71.28595733642578|97.07678985595703|87.02218627929688|114.9880599975586|60.31061935424805|103.98004913330078|256.04638671875|102.4493408203125|88.05831909179688|227.44000244140625|139.77293395996094||168.0828857421875|19.346529006958008|134.342041015625|80.05593872070312|108.47457122802734|104.7894515991211|289.260009765625|199.1075897216797|91.87617492675781|4006.179931640625|2.950000047683716
2022-09-05|||||||||||||||||||||||||76.2942886352539|||||||||||
2022-09-09|151.47142028808594|96.01948547363281|126.27999877929688|71.13165283203125|19701.2109375|109.87974548339844|11.177377700805664|154.96896362304688|101.91677856445312|41.76286315917969||1665.4000244140625|102.91000366210938|69.81321716308594|96.02497863769531|85.27144622802734|114.2802963256836|57.796058654785156|103.22999572753906|243.03211975097656|102.02040100097656|83.90270233154297|235.3800048828125|129.21096801757812||161.47328186035156|19.202016830444336|133.93275451660156|79.54918670654297|107.6052017211914|104.69249725341797|303.75|193.8102264404297|91.79872131347656|3901.35009765625|3.0950000286102295
2022-09-12|||||||||||||||||||||||||73.73143005371094|||||||||||
2022-09-16|151.8392333984375|94.66024780273438|117.30999755859375|70.12158203125|19413.55078125|104.65009307861328|10.574214935302734|149.4405517578125|100.3824691772461|40.25615692138672||1670.800048828125|100.13999938964844|68.97299194335938|94.17460632324219|84.2135009765625|107.82311248779297|57.953392028808594|101.0759506225586|238.67420959472656|101.03578186035156|81.49321746826172|237.0500030517578|125.53321075439453||164.1210174560547|18.307846069335938|132.73414611816406|79.24708557128906|105.49530029296875|102.0744400024414|288.5899963378906|184.30670166015625|87.67489624023438|3757.989990234375|3.130000114440918
2022-09-19|||||||||||||||||||||||||71.56285095214844|||||||||||
2022-09-23|141.6397247314453|93.75733947753906|114.80000305175781|69.44172668457031|19573.05078125|98.56468200683594|10.027597427368164|139.67662048339844|91.19576263427734|36.46040725708008||1658.5|97.41999816894531|67.70795440673828|93.72660064697266|82.62193298339844|102.92691802978516|55.32270050048828|98.76806640625|235.22750854492188|100.00241088867188|78.01068115234375|239.7100067138672|122.12529754638672||162.1838836669922|17.312591552734375|125.4157943725586|79.20811462402344|103.17048645019531|100.63936614990234|268.2099914550781|178.62246704101562|85.8453140258789|3640.469970703125|3.2179999351501465
2022-09-26|||||||||||||||||||||||||75.9000015258789|||||||||||
2022-09-30|144.5723419189453|93.47578430175781|120.30000305175781|69.24750518798828|19955.443359375|113.47561645507812|10.078749656677246|155.74081420898438|87.04351806640625|36.470069885253906||1711.699951171875|101.41999816894531|68.9258041381836|93.19099426269531|83.85775756835938|104.84661865234375|53.81665802001953|99.47966003417969|244.4286346435547|100.78231048583984|76.9766616821289|240.02000427246094|131.2197265625||158.47511291503906|17.69489097595215|123.25244140625|79.06192779541016|103.03373718261719|98.88433837890625|238.1300048828125|184.1083221435547|98.79761505126953|3744.52001953125|3.2880001068115234
2022-10-03|||||||||||||||||||||||||76.6885757446289|||||||||||
2022-10-07|142.146728515625|92.61064147949219|112.52999877929688|68.58165740966797|19382.904296875|118.38502502441406|9.63354206085205|159.4650115966797|84.37765502929688|35.95817565917969||1670.0|99.05999755859375|68.06148529052734|92.51419067382812|82.89222717285156|106.98788452148438|54.63813781738281|97.78382873535156|231.99871826171875|100.80532836914062|71.29924011230469|232.50999450683594|119.52689361572266||169.97137451171875|16.875680923461914|123.08678436279297|78.92326354980469|103.15095520019531|96.60301971435547|221.72000122070312|183.1857452392578|98.61369323730469|3669.909912109375|3.5829999446868896
2022-10-10|||||||||||||||||||||||||74.7171401977539|||||||||||
2022-10-14|142.54437255859375|91.10248565673828|115.25|67.53044128417969|19053.740234375|117.4880142211914|9.63354206085205|163.01553344726562|83.64885711669922|34.32590866088867||1630.800048828125|99.97000122070312|68.11840057373047|90.67971801757812|82.9393081665039|113.60064697265625|53.86555862426758|95.70947265625|233.89044189453125|100.05322265625|68.90927124023438|268.1600036621094|121.86546325683594||166.90504455566406|16.60260772705078|123.74943542480469|78.77691650390625|102.62348175048828|92.21946716308594|207.27999877929688|185.72528076171875|100.60784149169922|3665.780029296875|3.890000104904175
2022-10-17|||||||||||||||||||||||||72.15428161621094|||||||||||
2022-10-21|143.94606018066406|92.88309478759766|110.95999908447266|68.82498931884766|20285.8359375|122.14665222167969|10.486066818237305|171.64100646972656|87.30244445800781|36.41211700439453||1660.699951171875|92.22000122070312|70.18660736083984|93.02159118652344|85.42438507080078|121.88616943359375|58.21744155883789|98.11187744140625|224.58038330078125|99.34990692138672|73.62094116210938|296.94000244140625|131.679443359375||174.1279296875|16.90430450439453|129.42672729492188|79.27456665039062|104.19613647460938|94.73685455322266|225.08999633789062|202.65902709960938|104.11212921142578|3807.300048828125|3.930000066757202
2022-10-24|||||||||||||||||||||||||72.74571228027344|||||||||||
2022-10-28|138.06097412109375|91.80306243896484|89.30000305175781|68.01712799072266|20209.98828125|129.0718994140625|10.514484405517578|174.7573699951172|89.39293670654297|35.69739532470703||1627.300048828125|83.43000030517578|68.68762969970703|91.35301208496094|83.57942199707031|124.4295425415039|57.48397445678711|97.36894989013672|212.19998168945312|99.29130554199219|76.26454162597656|269.05999755859375|134.12796020507812||173.05715942382812|16.821664810180664|129.57391357421875|78.6402816772461|102.51602935791016|93.1428451538086|215.30999755859375|193.1951904296875|107.54865264892578|3719.889892578125|4.025000095367432
2022-10-31|||||||||||||||||||||||||70.97142791748047|||||||||||
2022-11-04|146.00384521484375|94.187255859375|96.62999725341797|69.74581146240234|17586.771484375|124.86658477783203|11.042978286743164|174.92140197753906|93.11365509033203|37.6677131652832||1750.300048828125|93.94000244140625|70.65526580810547|94.0141372680664|85.94910430908203|132.13790893554688|59.53767395019531|100.92608642578125|240.6550750732422|101.5308609008789|81.16154479980469|274.9700012207031|157.40371704101562||176.87301635742188|17.831697463989258|138.55369567871094|79.43235778808594|104.6650161743164|95.73004913330078|190.72000122070312|203.92880249023438|106.96782684326172|3956.3701171875|4.054999828338623
2022-11-07|||||||||||||||||||||||||73.73143005371094|||||||||||
2022-11-11|150.07969665527344|94.73336029052734|94.8499984741211|70.11653900146484|16687.517578125|126.53520202636719|11.042978286743164|177.6132049560547|91.5985107421875|36.19963073730469||1760.800048828125|98.36000061035156|70.54098510742188|94.33684539794922|85.892333984375|129.65322875976562|59.371421813964844|102.40674591064453|239.3675079345703|102.55850219726562|80.33236694335938|295.2799987792969|156.67416381835938||175.24737548828125|17.693967819213867|138.2494659423828|79.3345947265625|104.05938720703125|97.7567138671875|183.1699981689453|209.7733612060547|109.44599914550781|3946.56005859375|4.11299991607666
2022-11-14|||||||||||||||||||||||||73.73143005371094|||||||||||
2022-11-18|150.42820739746094|95.59156799316406|94.12999725341797|70.7896957397461|16604.46484375|122.71027374267578|11.62368392944336|179.13299560546875|95.47423553466797|38.843685150146484||1744.9000244140625|98.45999908447266|71.57904815673828|94.99201202392578|87.19803619384766|133.50741577148438|61.249088287353516|104.1874008178711|245.90211486816406|103.3414535522461|82.83940124511719|291.5|165.08900451660156||180.16322326660156|17.638870239257812|143.7256622314453|79.3541488647461|105.07527160644531|100.60182189941406|183.1999969482422|210.5090789794922|110.86376953125|4027.260009765625|4.199999809265137
2022-11-21|||||||||||||||||||||||||73.1399917602539|||||||||||
2022-11-25|147.679931640625|96.43025970458984|95.5|71.41407775878906|16967.1328125|119.14727020263672|11.62368392944336|177.43150329589844|97.18915557861328|40.46095275878906||1801.0999755859375|100.98999786376953|72.01713562011719|96.30240631103516|87.5670394897461|133.27264404296875|62.383514404296875|105.25190734863281|252.9639129638672|104.13421630859375|83.171875|316.95001220703125|171.24526977539062||180.96144104003906|18.271621704101562|146.47357177734375|79.59852600097656|106.83353424072266|103.04743957519531|194.6999969482422|215.74868774414062|108.12168884277344|4076.570068359375|4.192999839782715
2022-11-28|||||||||||||||||||||||||72.94285583496094|||||||||||
2022-12-02|142.04397583007812|97.14122009277344|90.3499984741211|71.95775604248047|17233.474609375|109.01985931396484|11.67628002166748|168.7295684814453|97.3248062133789|40.69478225708008||1788.699951171875|93.70999908447266|71.76736450195312|96.5921630859375|87.37141418457031|129.98582458496094|62.845645904541016|106.48217010498047|245.72332763671875|104.3905029296875|84.08369445800781|310.260009765625|171.62893676757812||180.01368713378906|17.780799865722656|148.5050811767578|79.69161224365234|107.06065368652344|106.62322235107422|173.44000244140625|207.89427185058594|101.89590454101562|3963.510009765625|4.150000095367432
2022-12-05|||||||||||||||||||||||||71.56285095214844|||||||||||
2022-12-09|135.9200897216797|97.36605072021484|88.44999694824219|72.2413101196289|17364.865234375|108.97145080566406|11.67628002166748|166.2988739013672|99.32071685791016|41.28907775878906||1777.199951171875|90.86000061035156|71.72911071777344|96.86650848388672|87.82816314697266|127.26638793945312|62.15622329711914|106.33653259277344|247.32241821289062|104.32185363769531|84.1327133178711|290.4100036621094|169.45973205566406||176.5560302734375|17.530757904052734|148.29898071289062|79.68180847167969|105.77948760986328|105.79305267333984|157.6699981689453|206.71112060546875|102.8912582397461|3895.75|4.2129998207092285
2022-12-12|||||||||||||||||||||||||69.98571014404297|||||||||||
2022-12-16|131.66824340820312|96.31367492675781|83.79000091552734|71.31239318847656|16830.341796875|109.31031799316406|11.67628002166748|167.31004333496094|98.77813720703125|41.425472259521484||1787.0|87.76000213623047|71.33726501464844|95.41549682617188|86.3056640625|127.8141860961914|62.382747650146484|104.57522583007812|236.57574462890625|103.9596939086914|81.71098327636719|297.75|153.33544921875||177.37879943847656|16.734325408935547|149.35890197753906|79.86894226074219|105.1495361328125|101.50624084472656|125.3499984741211|203.87754821777344|103.32062530517578|3822.389892578125|4.208000183105469
2022-12-19|||||||||||||||||||||||||69.394287109375|||||||||||
2022-12-23|129.0593719482422|95.47113037109375|84.18000030517578|70.5399169921875|16642.341796875|112.68934631347656|11.67628002166748|173.37709045410156|100.60933685302734|42.01976776123047||1819.5|88.44999694824219|70.73158264160156|94.42394256591797|86.12176513671875|130.3184356689453|62.9835319519043|103.31903076171875|239.3766326904297|103.8024673461914|82.43653106689453|291.1199951171875|145.9780731201172||178.25054931640625|16.919567108154297|149.75144958496094|79.78058624267578|104.74726104736328|98.56913757324219|121.81999969482422|206.86026000976562|106.56037139892578|3849.280029296875|4.295000076293945
2022-12-26|||||||||||||||||||||||||69.98571014404297|||||||||||
2022-12-30|124.4888687133789|96.0295639038086|83.12000274658203|71.10853576660156|16836.736328125|113.76261138916016|11.72911262512207|170.38247680664062|100.04737854003906|41.67877960205078||1834.800048828125|86.19999694824219|71.59685516357422|95.35659790039062|87.25167083740234|132.4020538330078|61.259979248046875|104.04937744140625|220.80335998535156|104.36254119873047|81.01487731933594|309.70001220703125|142.59927368164062||173.4705810546875|17.8444881439209|147.54330444335938|79.72169494628906|104.90425109863281|101.1146240234375|110.33999633789062|209.89266967773438|106.57012939453125|3808.10009765625|4.498000144958496
2023-01-02|||||||||||||||||||||||||72.74571228027344|||||||||||
2023-01-06|132.84324645996094|98.25347137451172|95.2699966430664|72.74535369873047|18869.587890625|117.06531524658203|11.671477317810059|172.17144775390625|101.81076049804688|42.263336181640625||1895.5|91.12999725341797|73.6831283569336|97.70295715332031|89.89449310302734|137.45977783203125|60.284934997558594|107.92505645751953|236.89356994628906|105.8266372680664|83.40717315673828|330.1300048828125|165.05130004882812||172.1776123046875|18.675983428955078|147.02316284179688|80.28125|106.96464538574219|105.5007095336914|123.55999755859375|222.3305206298828|110.48319244384766|3983.169921875|4.474999904632568
2023-01-09|||||||||||||||||||||||||72.94285583496094|||||||||||
2023-01-13|134.69534301757812|98.4592056274414|93.68000030517578|72.9217758178711|21086.79296875|116.5586929321289|11.671477317810059|174.03822326660156|98.79751586914062|40.957828521728516||1922.0999755859375|93.05000305175781|73.0870590209961|98.00729370117188|89.2050552368164|132.7887725830078|58.81745910644531|108.2171859741211|230.35816955566406|106.3277587890625|80.97565460205078|315.7799987792969|167.59036254882812||166.15367126464844|19.14311981201172|139.77064514160156|80.34996795654297|107.2099380493164|105.68671417236328|127.16999816894531|219.1390380859375|108.6291275024414|3898.85009765625|4.525000095367432
2023-01-16|||||||||||||||||||||||||71.36571502685547|||||||||||
2023-01-20|143.34841918945312|98.19469451904297|99.22000122070312|72.69632720947266|23032.77734375|121.4396743774414|11.853994369506836|182.58456420898438|98.1871109008789|40.529151916503906||1929.0999755859375|97.5199966430664|73.44277954101562|97.35934448242188|89.65509033203125|137.94264221191406|59.890987396240234|107.91531372070312|246.3192596435547|106.31793212890625|74.90664672851562|364.8699951171875|197.9495849609375||166.7315673828125|19.488794326782227|139.39349365234375|80.23216247558594|107.31787109375|104.737060546875|160.27000427246094|223.4142608642578|114.9134521484375|4060.429931640625|4.543000221252441
2023-01-23|||||||||||||||||||||||||70.77428436279297|||||||||||
2023-01-27|150.1792755126953|98.7433090209961|112.91000366210938|73.08837890625|23471.87109375|108.43350982666016|11.853994369506836|164.32513427734375|98.86534118652344|40.81168746948242||1916.300048828125|107.73999786376953|74.22152709960938|97.8502197265625|90.61265563964844|136.91778564453125|59.36899185180664|108.87936401367188|262.8067626953125|106.60289001464844|74.12227630615234|366.8900146484375|217.01278686523438||166.48667907714844|20.400487899780273|140.40081787109375|80.3008804321289|107.17070007324219|106.04895782470703|188.27000427246094|228.23626708984375|108.4632339477539|4179.759765625|4.510000228881836
2023-01-30|||||||||||||||||||||||||75.3085708618164|||||||||||
2023-02-03|150.22906494140625|97.08001708984375|98.23999786376953|71.89649963378906|21819.0390625|107.0987777709961|11.550985336303711|163.77096557617188|94.51502990722656|38.960601806640625||1866.199951171875|95.01000213623047|72.80352020263672|95.85594177246094|88.97946166992188|138.37623596191406|58.71896743774414|106.0025863647461|261.8334045410156|105.72140502929688|71.83782196044922|362.5|223.29055786132812||169.23910522460938|19.741193771362305|135.3445281982422|79.93893432617188|106.03256225585938|102.63114929199219|207.32000732421875|228.02748107910156|111.58587646484375|4081.5|4.61299991607666
2023-02-06|||||||||||||||||||||||||74.5199966430664|||||||||||
2023-02-10|153.0570068359375|96.01937103271484|98.1500015258789|71.11052703857422|23623.474609375|105.56922149658203|11.550985336303711|161.95278930664062|95.23200988769531|41.39624786376953||1842.0|95.51000213623047|71.75048828125|94.5867919921875|87.66088104248047|139.75587463378906|58.32501220703125|104.14666748046875|260.37335205078125|104.6087646484375|74.21051788330078|350.7099914550781|219.94175720214844||171.91314697265625|19.948400497436523|135.43341064453125|79.7717514038086|105.21820831298828|99.7159423828125|202.0399932861328|224.96754455566406|112.93252563476562|4090.409912109375|4.664999961853027
2023-02-13|||||||||||||||||||||||||76.2942886352539|||||||||||
2023-02-17|148.992431640625|95.94081115722656|95.81999969482422|71.06139373779297|23947.4921875|103.17198944091797|11.550985336303711|158.8332061767578|94.78682708740234|40.762977600097656||1818.0|90.88999938964844|72.08861541748047|94.35066986083984|88.07475280761719|137.6371612548828|59.181861877441406|104.17597198486328|253.67718505859375|103.97858428955078|71.44564056396484|323.6499938964844|236.5558624267578||172.69676208496094|19.35503578186035|138.30718994140625|79.7717514038086|105.23783874511719|100.412841796875|202.07000732421875|220.28550720214844|108.8946762084961|4012.320068359375|4.690000057220459
2023-02-20|||||||||||||||||||||||||74.9142837524414|||||||||||
2023-02-24|145.511962890625|94.59532928466797|92.12999725341797|70.07894897460938|23475.466796875|106.00988006591797|11.473786354064941|159.451171875|91.78191375732422|39.34056091308594||1833.5|92.0|71.45101165771484|92.88475036621094|87.26626586914062|139.0167999267578|58.81745910644531|102.54470825195312|250.0328826904297|103.48625946044922|70.79854583740234|311.8800048828125|233.0570831298828||169.76803588867188|19.507436752319336|138.18869018554688|79.37833404541016|104.84537506103516|97.64485931396484|190.89999389648438|218.22340393066406|109.5436782836914|3981.35009765625|4.7230000495910645
2023-02-27|||||||||||||||||||||||||76.49142456054688|||||||||||
2023-03-03|150.17918395996094|95.45341491699219|92.25|70.71144104003906|20363.021484375|103.5438461303711|11.527242660522461|157.44036865234375|92.22238159179688|39.888362884521484||1829.300048828125|92.31999969482422|71.36991119384766|94.2188491821289|87.16559600830078|128.4429473876953|58.56138229370117|103.2295913696289|251.23770141601562|104.21875762939453|72.78538513183594|297.7799987792969|234.2766571044922||169.4163360595703|18.92838478088379|134.87049865722656|79.59657287597656|104.51178741455078|100.43395233154297|172.9199981689453|219.16976928710938|107.3115005493164|3918.320068359375|4.8480000495910645
2023-03-06|||||||||||||||||||||||||76.09713745117188|||||||||||
2023-03-10|155.4248504638672|97.34358215332031|100.04000091552734|72.07032775878906|25052.7890625|94.33539581298828|10.780733108520508|151.33932495117188|95.13919830322266|41.4213981628418||1919.0|100.31999969482422|71.73925018310547|96.71306610107422|87.54306030273438|128.84698486328125|59.38869094848633|105.32732391357422|275.0152587890625|105.41291809082031|75.22274780273438|310.05999755859375|255.36253356933594||174.0609893798828|18.130998611450195|141.11184692382812|80.67073059082031|106.3465347290039|103.58265686035156|184.1300048828125|216.6195526123047|99.34648132324219|3960.280029296875|4.53000020980835
2023-03-13|||||||||||||||||||||||||73.9285659790039|||||||||||
2023-03-17|158.49642944335938|98.43633270263672|98.70999908447266|72.88762664794922|28333.97265625|94.3549575805664|10.111787796020508|151.56494140625|89.60899353027344|38.52239227294922||1993.800048828125|105.5999984741211|71.6809310913086|98.44818878173828|87.58177185058594|124.99388885498047|59.46710205078125|106.97412872314453|276.468994140625|105.73860931396484|72.83472442626953|320.3699951171875|271.8594665527344||173.21292114257812|17.115285873413086|142.0006561279297|81.28173828125|108.10277557373047|104.69454956054688|192.22000122070312|221.73992919921875|101.68682098388672|3948.719970703125|4.502999782562256
2023-03-20|||||||||||||||||||||||||77.67428588867188|||||||||||
2023-03-24|161.91709899902344|97.61923217773438|102.0|72.32633972167969|28033.5625|97.12435150146484|10.489887237548828|159.284423828125|94.12125396728516|40.733497619628906||1980.300048828125|100.88999938964844|72.64315795898438|97.18629455566406|88.79161834716797|126.8760986328125|61.38251495361328|106.48402404785156|282.8315734863281|106.1827163696289|75.57798767089844|338.42999267578125|273.77911376953125||178.32106018066406|18.092409133911133|145.6151123046875|80.86783599853516|107.6318359375|103.12019348144531|195.27999877929688|221.51080322265625|107.66549682617188|4050.830078125|4.664999961853027
2023-03-27|||||||||||||||||||||||||77.67428588867188|||||||||||
2023-03-31|164.2108154296875|98.87933349609375|102.05999755859375|73.30119323730469|28044.140625|104.62821197509766|10.543482780456543|164.44383239746094|97.6253433227539|42.315670013427734||2011.9000244140625|108.41999816894531|72.74034118652344|99.0594253540039|88.93678283691406|125.6147232055664|62.36503219604492|108.15042877197266|290.34918212890625|106.91304016113281|77.92654418945312|339.3299865722656|270.3197326660156||181.8020782470703|18.504253387451172|150.3257598876953|81.15361022949219|109.05449676513672|106.7904052734375|185.05999755859375|225.12693786621094|113.13285827636719|4105.02001953125|4.710000038146973
2023-04-03|||||||||||||||||||||||||77.47714233398438|||||||||||
2023-04-07|165.1083526611328|98.58721923828125|102.4000015258789|73.05886840820312|30399.06640625|107.36552429199219|11.225593566894531|168.79891967773438|97.03807067871094|42.14860153198242||2041.300048828125|107.43000030517578|73.63742065429688|98.19873046875|90.07421875|128.1101837158203|62.672691345214844|107.91663360595703|288.59674072265625|107.15955352783203|77.80812072753906|346.19000244140625|264.5808410644531||181.82180786132812|18.532989501953125|149.88134765625|81.17378234863281|108.3649673461914|104.61471557617188|185.89999389648438|231.8013458251953|113.84085083007812|4146.22021484375|4.855000019073486
2023-04-10|||||||||||||||||||||||||74.3228530883789|||||||||||
2023-04-14|166.19537353515625|98.04439544677734|103.80999755859375|72.66400146484375|28245.98828125|102.18629455566406|11.225593566894531|166.6017608642578|96.1375732421875|42.2567024230957||2007.5999755859375|105.29000091552734|72.99302673339844|97.60603332519531|89.31558227539062|139.8495635986328|63.476566314697266|107.1103286743164|284.88275146484375|105.84416198730469|77.7094497680664|325.3500061035156|270.9896240234375||182.7586212158203|18.159452438354492|148.97280883789062|80.97624969482422|107.74614715576172|103.56905364990234|162.99000549316406|233.7040557861328|113.71302032470703|4129.7900390625|4.945000171661377
2023-04-17|||||||||||||||||||||||||74.7171401977539|||||||||||
2023-04-21|167.95059204101562|98.1529541015625|109.81999969482422|72.72323608398438|29473.787109375|99.67546081542969|11.225593566894531|163.75721740722656|97.36106872558594|42.04050827026367||1989.9000244140625|107.58999633789062|73.26639556884766|97.78384399414062|89.60736083984375|136.11521911621094|63.19868469238281|107.2578353881836|303.5224609375|105.63646697998047|74.84777069091797|325.8500061035156|272.20941162109375||187.05813598632812|18.190866470336914|155.4903106689453|81.07501983642578|108.09976196289062|103.35203552246094|160.19000244140625|228.13540649414062|114.88319396972656|4135.35009765625|5.0
2023-04-24|||||||||||||||||||||||||72.35142517089844|||||||||||
2023-04-28|165.3377227783203|98.66617584228516|104.0|73.11808776855469|28847.7109375|95.8648910522461|11.112024307250977|153.232421875|96.0299072265625|41.824310302734375||2048.0|104.69000244140625|72.60247802734375|99.00873565673828|88.68338012695312|133.20518493652344|63.23838424682617|107.14966583251953|304.0999450683594|106.19032287597656|74.51226806640625|320.7799987792969|275.56878662109375||190.69692993164062|17.331073760986328|154.53631591796875|81.39106750488281|108.05064392089844|103.815673828125|161.1999969482422|224.73843383789062|104.27299499511719|4061.219970703125|5.054999828338623
2023-05-01|||||||||||||||||||||||||71.16856384277344|||||||||||
2023-05-05|173.27601623535156|98.89277648925781|112.18000030517578|73.28628540039062|27000.7890625|98.35602569580078|10.974960327148438|153.232421875|95.26644134521484|41.74569320678711||2014.699951171875|116.56999969482422|73.24151611328125|99.08815002441406|89.63481140136719|135.12203979492188|63.377323150634766|107.53321838378906|308.77978515625|106.51162719726562|75.0944595336914|344.760009765625|285.7268981933594||192.62973022460938|17.437339782714844|153.42332458496094|81.4816665649414|108.42394256591797|103.98867797851562|172.0800018310547|230.1277618408203|104.02716827392578|4130.6201171875|5.014999866485596
2023-05-08|||||||||||||||||||||||||69.98571014404297|||||||||||
2023-05-12|174.57247924804688|97.26023864746094|118.1500015258789|72.10872650146484|26832.208984375|99.19297790527344|10.974960327148438|151.06468200683594|91.77259063720703|38.7091064453125||1956.5|122.83000183105469|72.68257141113281|97.03846740722656|88.93070983886719|138.54849243164062|62.32533645629883|105.31329345703125|317.1537170410156|105.14381408691406|74.10767364501953|371.2900085449219|316.72113037109375||188.90219116210938|17.74648094177246|151.57496643066406|81.01640319824219|107.18971252441406|100.6954574584961|176.88999938964844|233.16156005859375|104.00749206542969|4198.0498046875|5.125
2023-05-15|||||||||||||||||||||||||69.0|||||||||||
2023-05-19|172.7567138671875|96.45879364013672|115.0|71.47541046142578|26476.20703125|100.64462280273438|10.974960327148438|153.0887451171875|87.89640808105469|39.15888595581055||1943.0999755859375|123.4800033569336|72.14323425292969|95.80072784423828|88.21683502197266|134.74461364746094|59.953399658203125|104.60291290283203|325.2314147949219|104.52928161621094|72.42027282714844|359.0|379.7294006347656||181.24986267089844|17.466320037841797|144.47967529296875|80.6402359008789|106.24183654785156|99.1724624633789|184.47000122070312|222.9607391357422|104.8009033203125|4151.27978515625|5.163000106811523
2023-05-22|||||||||||||||||||||||||69.0|||||||||||
2023-05-26|179.84713745117188|97.56695556640625|122.7699966430664|72.28684997558594|26819.97265625|98.50682067871094|10.456072807312012|150.7115936279297|87.13501739501953|39.129154205322266||1978.0|123.72000122070312|72.7610092163086|97.1374740600586|88.91114044189453|136.6416015625|59.54650115966797|106.16180419921875|331.8773193359375|105.3023910522461|71.99595642089844|403.1300048828125|397.6261291503906||179.66220092773438|18.267419815063477|143.0586395263672|80.7887191772461|106.7947769165039|101.98109436035156|207.52000427246094|226.07489013671875|102.51959991455078|4221.02001953125|5.203000068664551
2023-05-29|||||||||||||||||||||||||66.83142852783203|||||||||||
2023-06-02|180.3264923095703|97.41626739501953|124.25|72.12515258789062|26508.216796875|103.46532440185547|10.5076265335083|157.7241973876953|90.97164154052734|39.77337646484375||1963.5999755859375|122.13999938964844|73.60189056396484|96.56388854980469|90.08598327636719|139.77011108398438|59.913700103759766|105.95288848876953|324.57281494140625|105.71037292480469|74.3846664428711|409.3699951171875|385.0284423828125||180.827880859375|18.618343353271484|145.52310180664062|80.80542755126953|106.80724334716797|101.20105743408203|234.86000061035156|222.63136291503906|107.31033325195312|4293.93017578125|5.099999904632568
2023-06-05|||||||||||||||||||||||||65.25428009033203|||||||||||
2023-06-09|185.7591552734375|97.66426849365234|127.11000061035156|72.31365966796875|25576.39453125|103.07933044433594|10.704399108886719|156.77333068847656|90.66511535644531|40.457244873046875||1957.800048828125|125.08999633789062|74.01571655273438|96.56388854980469|90.64663696289062|142.114013671875|60.7672004699707|106.78435516357422|347.36456298828125|106.09777069091797|73.84838104248047|445.2699890136719|426.494873046875||184.41265869140625|18.58909797668457|147.52052307128906|80.69625854492188|106.99539184570312|102.13314819335938|255.89999389648438|225.74549865722656|105.0290298461914|4425.83984375|5.054999828338623
2023-06-12|||||||||||||||||||||||||70.5999984741211|||||||||||
2023-06-16|186.74781799316406|97.1881103515625|130.14999389648438|72.02594757080078|29912.28125|100.38729858398438|10.291177749633789|151.18702697753906|89.88394165039062|40.17973327636719||1912.699951171875|123.1500015258789|73.22748565673828|95.97827911376953|89.68272399902344|138.62796020507812|61.849998474121094|106.30923461914062|338.9922790527344|105.92890930175781|74.61307525634766|422.4800109863281|430.2145690917969||186.0412139892578|18.316162109375|149.01112365722656|80.52757263183594|106.57948303222656|101.44895935058594|264.6099853515625|227.96133422851562|102.46009063720703|4381.89013671875|5.135000228881836
2023-06-19|||||||||||||||||||||||||70.0|||||||||||
2023-06-23|189.33432006835938|96.94010162353516|127.9000015258789|71.8672103881836|30445.3515625|102.00053405761719|10.291177749633789|154.7527618408203|87.88651275634766|39.75355529785156||1909.199951171875|119.0999984741211|73.61174774169922|95.67060089111328|90.12533569335938|142.45169067382812|60.02000045776367|106.25973510742188|334.34210205078125|105.81964111328125|72.30903625488281|428.239990234375|408.1863708496094||182.59544372558594|18.860023498535156|148.4447021484375|80.42833709716797|106.10417175292969|100.88375091552734|257.5|233.88021850585938|105.83244323730469|4396.43994140625|5.175000190734863
2023-06-26|||||||||||||||||||||||||70.0|||||||||||
2023-06-30|191.55133056640625|95.73976135253906|128.36000061035156|70.97432708740234|29909.337890625|99.90518188476562|10.198197364807129|151.42474365234375|89.54773712158203|40.69511413574219||1908.699951171875|120.11000061035156|72.6954116821289|94.00313568115234|89.03355407714844|142.2332000732422|60.560001373291016|104.56710052490234|340.5489807128906|105.3329086303711|72.51759338378906|438.8399963378906|420.9953308105469||185.29644775390625|19.03702163696289|151.03836059570312|80.09093475341797|104.88616943359375|98.84109497070312|276.5400085449219|238.43165588378906|102.08317565917969|4411.58984375|5.2129998207092285
2023-07-03|||||||||||||||||||||||||69.80000305175781|||||||||||
2023-07-07|190.2830352783203|97.87940979003906|134.3000030517578|72.5170669555664|31476.048828125|110.07093811035156|10.326786994934082|156.0106658935547|92.26699829101562|41.80516052246094||1959.199951171875|124.54000091552734|74.94023895263672|96.51777648925781|91.75882720947266|148.8699951171875|60.349998474121094|107.53623962402344|341.93603515625|106.53599548339844|73.20285034179688|450.3800048828125|459.73211669921875||186.21994018554688|19.420513153076172|148.0173797607422|80.96150207519531|107.15059661865234|101.30607604980469|277.8999938964844|242.85333251953125|103.69001007080078|4510.0400390625|5.2230000495910645
2023-07-10|||||||||||||||||||||||||69.0|||||||||||
2023-07-14|192.8695526123047|97.39205169677734|129.9600067138672|72.17889404296875|29792.015625|111.20600128173828|10.316896438598633|154.91122436523438|92.1582260131836|41.63666915893555||1968.300048828125|119.19999694824219|74.47464752197266|95.87107849121094|91.23472595214844|156.14999389648438|62.38999938964844|107.02979278564453|346.13714599609375|106.59573364257812|73.59016418457031|437.4200134277344|455.1625061035156||187.9775848388672|19.332015991210938|149.6173095703125|80.7127914428711|107.0610580444336|101.11717224121094|262.8999938964844|239.17025756835938|102.56919860839844|4534.8701171875|5.243000030517578
2023-07-17|||||||||||||||||||||||||68.0|||||||||||
2023-07-21|192.9594268798828|96.65603637695312|128.25|71.65174865722656|29210.689453125|115.27827453613281|10.63342571258545|158.14019775390625|93.3843765258789|41.58711242675781||1945.4000244140625|129.39999389648438|74.18736267089844|94.82640075683594|90.90838623046875|156.02000427246094|62.439998626708984|106.10626983642578|330.0212707519531|106.2472915649414|72.76587677001953|413.1700134277344|458.9621887207031||187.21295166015625|19.523393630981445|152.11000061035156|80.57350158691406|106.17560577392578|98.7309341430664|255.7100067138672|233.99998474121094|104.56285095214844|4537.41015625|5.26800012588501
2023-07-24|||||||||||||||||||||||||68.0|||||||||||
2023-07-28|190.91220092773438|95.37299346923828|128.91000366210938|70.72676086425781|29178.6796875|114.49169921875|10.63342571258545|158.1501007080078|89.35986328125|40.14008712768555||1932.0|128.4499969482422|73.51374816894531|93.57279205322266|90.02827453613281|156.35000610351562|61.63999938964844|104.0804672241211|325.9698486328125|104.81365966796875|69.61768341064453|431.0|445.1133117675781||185.81280517578125|19.424238204956055|157.0|80.49392700195312|104.91207122802734|94.30642700195312|259.32000732421875|238.31187438964844|106.24903106689453|4501.89013671875|5.257999897003174
2023-07-31|||||||||||||||||||||||||66.80000305175781|||||||||||
2023-08-04|177.72999572753906|96.11115264892578|138.55999755859375|71.27476501464844|29429.591796875|115.32805633544922|10.689108848571777|159.29905700683594|91.87147521972656|39.83284378051758||1914.4000244140625|129.69000244140625|74.59059143066406|94.388427734375|91.37120819091797|153.55999755859375|60.91999816894531|105.0356674194336|322.2477111816406|105.53530883789062|67.82014465332031|429.9800109863281|423.8450927734375||182.4663543701172|19.543222427368164|156.11000061035156|80.844482421875|105.61740112304688|95.30413818359375|245.33999633789062|239.70924377441406|109.22463989257812|4468.830078125|5.26800012588501
2023-08-07|||||||||||||||||||||||||66.0|||||||||||
2023-08-11|173.76535034179688|95.15373229980469|133.97999572753906|70.52681732177734|26664.55078125|116.22415924072266|9.654999732971191|158.22933959960938|89.68617248535156|39.60488510131836||1884.0999755859375|129.9199981689453|73.69478607177734|93.08177947998047|90.29719543457031|148.6300048828125|60.61000061035156|103.3416976928711|316.21051025390625|105.02644348144531|67.0455093383789|403.0|433.404296875||177.203369140625|19.4539852142334|152.11000061035156|80.77466583251953|104.58056640625|93.16056823730469|219.22000122070312|237.3699951171875|107.51862335205078|4370.35986328125|5.2779998779296875
2023-08-14|||||||||||||||||||||||||66.80000305175781|||||||||||
2023-08-18|176.3800048828125|95.67233276367188|131.83999633789062|70.89579772949219|26162.373046875|114.80000305175781|9.654999732971191|157.94000244140625|89.98999786376953|40.08000183105469||1918.199951171875|129.77999877929688|73.95357513427734|93.48075866699219|90.6253662109375|147.22999572753906|60.11000061035156|104.52747344970703|319.9700012207031|104.90670776367188|66.75750732421875|406.92999267578125|471.5911560058594||175.94224548339844|19.057369232177734|152.5399932861328|80.77466583251953|105.1288833618164|94.62617492675781|230.0399932861328|239.47000122070312|106.3499984741211|4376.31005859375|5.302999973297119
2023-08-21|||||||||||||||||||||||||67.80000305175781|||||||||||
2023-08-25|187.8699951171875|96.54000091552734|138.00999450683594|71.55400085449219|25931.47265625|119.02999877929688|9.654999732971191|161.10000610351562|88.80000305175781|40.119998931884766||1938.199951171875|136.1699981689453|74.92900085449219|94.5580062866211|91.947998046875|146.3300018310547|59.83000183105469|105.78300476074219|327.760009765625|105.22599792480469|66.34039306640625|433.67999267578125|493.50933837890625||176.6770782470703|19.989999771118164|154.33999633789062|81.03399658203125|105.74700164794922|96.35099792480469|258.0799865722656|245.67999267578125|111.19000244140625|4507.66015625|5.297999858856201
2023-08-28|||||||||||||||||||||||||70.0|||||||||||
2023-09-01|177.55999755859375|95.4728775024414|137.85000610351562|70.7861099243164|26240.1953125|121.70999908447266|9.710000038146973|166.63999938964844|89.4000015258789|40.56999969482422||1917.5|135.25999450683594|74.30194091796875|93.2513427734375|91.08281707763672|143.72000122070312|58.33000183105469|104.26839447021484|329.9100036621094|104.55748748779297|66.25|443.1400146484375|462.3719177246094||176.39999389648438|19.6200008392334|153.58999633789062|80.74473571777344|104.88961791992188|93.72886657714844|251.49000549316406|247.13999938964844|113.94999694824219|4451.14013671875|5.2829999923706055
2023-09-04|||||||||||||||||||||||||68.4000015258789|||||||||||
2023-09-08|178.17999267578125|95.77999877929688|138.22999572753906|71.0|25832.2265625|122.72000122070312|9.710000038146973|167.2100067138672|91.0199966430664|40.58000183105469||1918.4000244140625|136.3800048828125|74.62000274658203|93.51000213623047|91.51000213623047|143.8300018310547|58.33000183105469|104.72000122070312|334.2699890136719|104.91999816894531|66.83000183105469|442.79998779296875|455.7200012207031||176.27000427246094|19.639999389648438|152.92999267578125|80.91000366210938|105.44999694824219|94.37000274658203|248.5|247.2899932861328|115.61000061035156|4457.490234375|5.293000221252441
