Date,1.0,1.5,2.0,2.5,3.0,3.5,4.0,4.5,5.0,5.5,6.0,6.5,7.0,7.5,8.0,8.5,9.0,9.5,10.0,10.5,11.0,11.5,12.0,12.5,13.0,13.5,14.0,14.5,15.0,15.5,16.0,16.5,17.0,17.5,18.0,18.5,19.0,19.5,20.0,20.5,21.0,21.5,22.0,22.5,23.0,23.5,24.0,24.5,25.0
31/01/2000,6.32,6.43,6.47,6.48,6.46,6.43,6.39,6.34,6.29,6.23,6.17,6.11,6.04,5.98,5.91,5.83,5.76,5.69,5.61,5.54,5.47,5.39,5.32,5.25,5.18,5.12,5.05,4.99,4.93,4.87,4.82,4.76,4.71,4.67,4.62,4.58,4.55,4.51,4.48,4.45,4.42,4.40,4.38,4.36,4.34,4.32,4.31,4.30,4.29
29/02/2000,6.25,6.30,6.30,6.28,6.24,6.19,6.13,6.07,6.01,5.95,5.88,5.82,5.75,5.68,5.61,5.54,5.47,5.40,5.33,5.27,5.20,5.14,5.08,5.01,4.96,4.90,4.84,4.79,4.74,4.69,4.65,4.60,4.56,4.52,4.49,4.45,4.42,4.39,4.36,4.34,4.31,4.29,4.27,4.26,4.24,4.23,4.21,4.20,4.19
31/03/2000,6.25,6.29,6.27,6.22,6.16,6.09,6.01,5.93,5.86,5.78,5.71,5.63,5.56,5.48,5.41,5.34,5.28,5.21,5.15,5.09,5.03,4.97,4.92,4.87,4.82,4.77,4.73,4.68,4.64,4.61,4.57,4.54,4.50,4.47,4.44,4.42,4.39,4.37,4.35,4.33,4.31,4.29,4.28,4.27,4.25,4.24,4.23,4.22,4.21
30/04/2000,6.10,6.10,6.07,6.02,5.96,5.90,5.83,5.77,5.70,5.64,5.58,5.52,5.46,5.40,5.34,5.28,5.22,5.16,5.10,5.04,4.98,4.93,4.87,4.82,4.77,4.72,4.67,4.63,4.58,4.54,4.50,4.46,4.43,4.40,4.36,4.34,4.31,4.28,4.26,4.24,4.22,4.21,4.19,4.18,4.16,4.15,4.14,4.13,4.12
31/05/2000,6.13,6.16,6.14,6.08,6.01,5.93,5.85,5.77,5.70,5.62,5.55,5.48,5.41,5.35,5.28,5.22,5.16,5.11,5.05,5.00,4.95,4.90,4.85,4.81,4.76,4.72,4.68,4.64,4.60,4.56,4.53,4.50,4.47,4.44,4.41,4.38,4.35,4.33,4.30,4.28,4.26,4.24,4.22,4.20,4.18,4.16,4.15,4.13,4.11
30/06/2000,5.97,5.98,5.94,5.89,5.83,5.77,5.71,5.65,5.59,5.54,5.48,5.43,5.38,5.32,5.27,5.22,5.17,5.12,5.07,5.03,4.98,4.94,4.89,4.85,4.81,4.77,4.73,4.69,4.66,4.62,4.59,4.56,4.53,4.50,4.47,4.45,4.42,4.40,4.38,4.36,4.34,4.32,4.30,4.29,4.27,4.26,4.24,4.23,4.21
31/07/2000,6.00,6.00,5.97,5.92,5.87,5.81,5.75,5.69,5.64,5.58,5.53,5.48,5.42,5.37,5.32,5.28,5.23,5.18,5.14,5.09,5.05,5.01,4.96,4.92,4.88,4.84,4.81,4.77,4.73,4.70,4.66,4.63,4.60,4.57,4.54,4.51,4.48,4.46,4.44,4.41,4.39,4.37,4.35,4.34,4.32,4.30,4.29,4.27,4.26
31/08/2000,6.05,6.03,5.99,5.94,5.88,5.83,5.78,5.73,5.68,5.63,5.59,5.54,5.50,5.46,5.41,5.37,5.33,5.29,5.25,5.21,5.17,5.13,5.09,5.05,5.02,4.98,4.94,4.91,4.87,4.84,4.80,4.77,4.74,4.71,4.68,4.65,4.62,4.59,4.57,4.54,4.52,4.50,4.48,4.46,4.44,4.42,4.40,4.38,4.37
30/09/2000,5.84,5.83,5.79,5.75,5.70,5.66,5.61,5.57,5.53,5.49,5.44,5.40,5.36,5.32,5.28,5.24,5.21,5.17,5.14,5.10,5.07,5.04,5.01,4.98,4.95,4.92,4.90,4.87,4.85,4.82,4.80,4.77,4.75,4.73,4.70,4.68,4.66,4.64,4.62,4.60,4.58,4.56,4.54,4.53,4.51,4.49,4.47,4.46,4.44
31/10/2000,5.73,5.72,5.70,5.67,5.63,5.59,5.55,5.51,5.47,5.43,5.39,5.35,5.31,5.27,5.23,5.20,5.16,5.12,5.09,5.05,5.02,4.99,4.95,4.92,4.89,4.86,4.83,4.80,4.77,4.74,4.72,4.69,4.66,4.64,4.61,4.59,4.56,4.54,4.52,4.50,4.47,4.45,4.44,4.42,4.40,4.38,4.37,4.35,4.34
30/11/2000,5.48,5.42,5.37,5.33,5.30,5.26,5.23,5.19,5.15,5.12,5.08,5.04,5.00,4.97,4.93,4.89,4.86,4.82,4.79,4.76,4.73,4.70,4.67,4.64,4.61,4.58,4.55,4.53,4.50,4.48,4.45,4.42,4.40,4.38,4.35,4.33,4.31,4.28,4.26,4.24,4.22,4.20,4.18,4.16,4.14,4.13,4.11,4.09,4.08
31/12/2000,5.24,5.19,5.17,5.16,5.14,5.13,5.12,5.10,5.08,5.06,5.04,5.01,4.98,4.95,4.91,4.88,4.85,4.81,4.78,4.75,4.72,4.69,4.66,4.63,4.61,4.58,4.56,4.53,4.51,4.48,4.46,4.44,4.42,4.39,4.37,4.35,4.33,4.31,4.29,4.27,4.25,4.23,4.22,4.20,4.18,4.16,4.15,4.13,4.11
31/01/2001,5.15,5.10,5.09,5.07,5.06,5.04,5.02,5.00,4.98,4.95,4.92,4.89,4.86,4.82,4.79,4.76,4.73,4.70,4.67,4.65,4.62,4.60,4.59,4.57,4.55,4.54,4.52,4.51,4.50,4.49,4.47,4.46,4.45,4.44,4.42,4.41,4.40,4.38,4.37,4.36,4.34,4.33,4.31,4.30,4.28,4.27,4.26,4.24,4.23
28/02/2001,5.06,5.03,5.03,5.03,5.03,5.03,5.02,5.00,4.98,4.96,4.94,4.91,4.88,4.85,4.82,4.79,4.76,4.73,4.71,4.68,4.66,4.64,4.62,4.60,4.58,4.56,4.55,4.53,4.52,4.50,4.49,4.47,4.46,4.45,4.43,4.42,4.41,4.39,4.38,4.36,4.35,4.34,4.32,4.31,4.30,4.28,4.27,4.26,4.24
31/03/2001,4.89,4.87,4.86,4.86,4.86,4.86,4.86,4.85,4.84,4.83,4.82,4.81,4.80,4.78,4.77,4.76,4.74,4.73,4.72,4.71,4.71,4.70,4.69,4.69,4.68,4.68,4.67,4.67,4.66,4.66,4.65,4.65,4.64,4.64,4.63,4.62,4.61,4.61,4.60,4.59,4.58,4.57,4.56,4.55,4.54,4.53,4.52,4.51,4.50
30/04/2001,4.92,4.95,5.00,5.04,5.07,5.09,5.11,5.12,5.13,5.13,5.13,5.12,5.12,5.11,5.10,5.09,5.08,5.07,5.07,5.06,5.05,5.04,5.03,5.03,5.02,5.01,5.00,4.99,4.99,4.98,4.97,4.96,4.95,4.94,4.93,4.92,4.91,4.90,4.89,4.88,4.86,4.85,4.84,4.83,4.82,4.81,4.80,4.78,4.77
31/05/2001,5.04,5.13,5.19,5.24,5.26,5.28,5.28,5.28,5.28,5.27,5.26,5.25,5.23,5.22,5.21,5.19,5.18,5.17,5.16,5.15,5.15,5.14,5.13,5.13,5.12,5.12,5.11,5.10,5.10,5.09,5.08,5.08,5.07,5.06,5.05,5.05,5.04,5.03,5.02,5.01,5.00,4.99,4.98,4.97,4.96,4.95,4.94,4.93,4.92
30/06/2001,5.31,5.41,5.46,5.48,5.49,5.48,5.47,5.46,5.44,5.42,5.39,5.37,5.35,5.33,5.31,5.29,5.27,5.25,5.23,5.22,5.20,5.19,5.18,5.17,5.15,5.14,5.13,5.12,5.11,5.10,5.09,5.08,5.07,5.06,5.05,5.04,5.03,5.02,5.01,5.00,4.99,4.98,4.97,4.95,4.94,4.93,4.92,4.91,4.90
31/07/2001,5.01,5.07,5.12,5.15,5.17,5.18,5.18,5.18,5.17,5.16,5.14,5.13,5.11,5.09,5.07,5.05,5.03,5.02,5.00,4.99,4.97,4.96,4.94,4.93,4.92,4.91,4.90,4.89,4.87,4.86,4.85,4.84,4.83,4.82,4.81,4.80,4.79,4.78,4.77,4.75,4.74,4.73,4.72,4.71,4.70,4.69,4.68,4.66,4.65
31/08/2001,4.72,4.80,4.86,4.90,4.93,4.96,4.97,4.97,4.97,4.97,4.96,4.95,4.94,4.93,4.91,4.90,4.89,4.88,4.87,4.86,4.85,4.84,4.83,4.83,4.82,4.81,4.81,4.80,4.79,4.78,4.77,4.77,4.76,4.74,4.73,4.72,4.71,4.70,4.68,4.67,4.65,4.64,4.62,4.61,4.59,4.57,4.55,4.54,4.52
30/09/2001,4.28,4.41,4.53,4.63,4.70,4.76,4.81,4.85,4.87,4.89,4.91,4.92,4.92,4.92,4.92,4.92,4.92,4.92,4.92,4.92,4.91,4.91,4.91,4.91,4.91,4.91,4.91,4.91,4.91,4.90,4.90,4.90,4.89,4.89,4.88,4.88,4.87,4.86,4.86,4.85,4.84,4.83,4.82,4.81,4.80,4.78,4.77,4.76,4.75
31/10/2001,3.94,4.05,4.16,4.26,4.34,4.40,4.45,4.49,4.51,4.53,4.54,4.55,4.55,4.55,4.55,4.55,4.54,4.54,4.54,4.53,4.53,4.53,4.53,4.53,4.53,4.53,4.52,4.52,4.52,4.52,4.51,4.51,4.51,4.50,4.49,4.48,4.48,4.47,4.46,4.45,4.44,4.42,4.41,4.40,4.38,4.37,4.35,4.34,4.32
30/11/2001,3.95,4.15,4.29,4.40,4.49,4.55,4.60,4.63,4.65,4.67,4.68,4.68,4.68,4.68,4.67,4.67,4.66,4.65,4.65,4.64,4.64,4.63,4.63,4.62,4.62,4.61,4.61,4.60,4.60,4.59,4.59,4.58,4.57,4.56,4.55,4.54,4.53,4.52,4.51,4.50,4.48,4.47,4.46,4.44,4.43,4.42,4.40,4.39,4.37
31/12/2001,4.30,4.55,4.72,4.84,4.92,4.99,5.03,5.06,5.08,5.09,5.10,5.09,5.09,5.08,5.08,5.07,5.06,5.04,5.03,5.02,5.01,5.00,4.99,4.98,4.97,4.96,4.94,4.93,4.92,4.91,4.90,4.88,4.87,4.86,4.84,4.83,4.81,4.80,4.78,4.77,4.75,4.73,4.72,4.70,4.69,4.67,4.65,4.64,4.62
31/01/2002,4.30,4.53,4.68,4.77,4.83,4.87,4.89,4.90,4.90,4.90,4.89,4.89,4.87,4.86,4.85,4.84,4.83,4.82,4.81,4.81,4.80,4.80,4.79,4.79,4.79,4.78,4.78,4.77,4.77,4.76,4.76,4.75,4.74,4.73,4.72,4.71,4.70,4.68,4.67,4.65,4.64,4.62,4.61,4.59,4.58,4.56,4.54,4.52,4.51
28/02/2002,4.25,4.48,4.63,4.74,4.81,4.87,4.90,4.93,4.94,4.95,4.96,4.96,4.95,4.95,4.94,4.94,4.93,4.93,4.92,4.92,4.91,4.91,4.91,4.90,4.90,4.89,4.89,4.88,4.88,4.87,4.86,4.86,4.85,4.84,4.83,4.82,4.81,4.80,4.79,4.78,4.77,4.76,4.74,4.73,4.72,4.70,4.69,4.68,4.66
31/03/2002,4.58,4.84,5.01,5.12,5.19,5.24,5.27,5.29,5.30,5.31,5.31,5.30,5.30,5.29,5.28,5.27,5.26,5.25,5.25,5.24,5.23,5.22,5.22,5.21,5.20,5.20,5.19,5.18,5.18,5.17,5.16,5.15,5.14,5.13,5.12,5.11,5.10,5.09,5.08,5.07,5.06,5.05,5.03,5.02,5.01,4.99,4.98,4.96,4.95
30/04/2002,4.39,4.61,4.78,4.90,4.98,5.05,5.10,5.13,5.15,5.17,5.18,5.18,5.18,5.18,5.17,5.17,5.17,5.16,5.16,5.15,5.15,5.14,5.14,5.13,5.13,5.12,5.11,5.11,5.10,5.10,5.09,5.08,5.08,5.07,5.06,5.05,5.04,5.04,5.03,5.02,5.01,5.00,4.98,4.97,4.96,4.95,4.94,4.92,4.91
31/05/2002,4.51,4.74,4.89,5.00,5.08,5.13,5.17,5.20,5.22,5.23,5.23,5.24,5.24,5.24,5.24,5.24,5.23,5.23,5.23,5.23,5.22,5.22,5.22,5.21,5.21,5.21,5.20,5.20,5.20,5.19,5.19,5.18,5.18,5.17,5.17,5.16,5.15,5.14,5.14,5.13,5.12,5.11,5.10,5.09,5.08,5.07,5.06,5.05,5.03
30/06/2002,4.36,4.56,4.71,4.82,4.89,4.94,4.98,5.00,5.01,5.02,5.02,5.02,5.02,5.01,5.01,5.00,4.99,4.98,4.97,4.96,4.95,4.95,4.94,4.93,4.92,4.92,4.91,4.90,4.89,4.89,4.88,4.87,4.86,4.86,4.85,4.84,4.83,4.82,4.82,4.81,4.80,4.79,4.78,4.77,4.76,4.75,4.74,4.73,4.72
31/07/2002,3.83,4.00,4.17,4.31,4.43,4.53,4.61,4.67,4.72,4.76,4.80,4.83,4.85,4.87,4.88,4.90,4.91,4.91,4.92,4.92,4.93,4.93,4.93,4.92,4.92,4.91,4.91,4.90,4.89,4.89,4.88,4.87,4.86,4.85,4.84,4.83,4.82,4.81,4.80,4.79,4.78,4.77,4.76,4.75,4.74,4.73,4.72,4.71,4.70
31/08/2002,3.77,3.89,4.04,4.16,4.26,4.34,4.40,4.46,4.50,4.53,4.56,4.58,4.60,4.61,4.62,4.63,4.63,4.64,4.64,4.64,4.64,4.64,4.63,4.63,4.62,4.62,4.61,4.60,4.59,4.58,4.58,4.57,4.55,4.54,4.53,4.52,4.51,4.50,4.49,4.47,4.46,4.45,4.44,4.43,4.41,4.40,4.39,4.38,4.37
30/09/2002,3.51,3.58,3.69,3.80,3.91,3.99,4.07,4.13,4.18,4.23,4.26,4.30,4.32,4.34,4.36,4.38,4.39,4.40,4.41,4.42,4.43,4.43,4.44,4.44,4.44,4.44,4.44,4.44,4.44,4.44,4.43,4.43,4.42,4.42,4.41,4.40,4.40,4.39,4.38,4.37,4.36,4.35,4.34,4.33,4.32,4.31,4.30,4.29,4.28
31/10/2002,3.61,3.70,3.82,3.94,4.04,4.13,4.21,4.28,4.33,4.38,4.42,4.46,4.49,4.52,4.54,4.56,4.57,4.59,4.60,4.61,4.62,4.62,4.63,4.63,4.63,4.63,4.63,4.63,4.63,4.62,4.62,4.61,4.60,4.59,4.59,4.58,4.57,4.56,4.55,4.54,4.52,4.51,4.50,4.49,4.48,4.47,4.46,4.44,4.43
30/11/2002,3.90,4.01,4.12,4.22,4.30,4.36,4.42,4.47,4.51,4.54,4.57,4.59,4.61,4.63,4.65,4.66,4.67,4.68,4.69,4.70,4.70,4.71,4.71,4.71,4.72,4.72,4.72,4.72,4.71,4.71,4.71,4.70,4.70,4.69,4.69,4.68,4.67,4.66,4.65,4.65,4.64,4.63,4.62,4.61,4.60,4.59,4.58,4.57,4.56
31/12/2002,3.65,3.69,3.77,3.85,3.93,4.00,4.06,4.11,4.16,4.20,4.23,4.27,4.29,4.32,4.34,4.35,4.37,4.38,4.40,4.41,4.42,4.43,4.44,4.44,4.45,4.46,4.46,4.46,4.47,4.47,4.47,4.47,4.47,4.47,4.47,4.47,4.47,4.46,4.46,4.46,4.45,4.45,4.44,4.44,4.43,4.43,4.42,4.42,4.41
31/01/2003,3.58,3.60,3.65,3.72,3.79,3.86,3.91,3.97,4.01,4.06,4.09,4.13,4.16,4.18,4.21,4.23,4.25,4.26,4.28,4.30,4.31,4.32,4.33,4.34,4.35,4.36,4.37,4.38,4.38,4.38,4.39,4.39,4.39,4.39,4.39,4.38,4.38,4.38,4.37,4.37,4.36,4.36,4.35,4.35,4.34,4.34,4.33,4.32,4.32
28/02/2003,3.23,3.25,3.32,3.40,3.49,3.58,3.66,3.73,3.80,3.86,3.92,3.97,4.01,4.06,4.10,4.13,4.17,4.20,4.23,4.25,4.28,4.30,4.32,4.34,4.35,4.37,4.38,4.40,4.41,4.42,4.43,4.44,4.45,4.45,4.46,4.46,4.46,4.47,4.47,4.47,4.47,4.47,4.47,4.47,4.46,4.46,4.46,4.46,4.45
31/03/2003,3.31,3.37,3.47,3.57,3.67,3.75,3.83,3.90,3.96,4.01,4.07,4.11,4.16,4.19,4.23,4.27,4.30,4.33,4.35,4.38,4.40,4.43,4.45,4.46,4.48,4.50,4.51,4.53,4.54,4.55,4.56,4.57,4.57,4.58,4.58,4.59,4.59,4.59,4.59,4.59,4.59,4.59,4.59,4.59,4.58,4.58,4.57,4.57,4.56
30/04/2003,3.32,3.39,3.49,3.59,3.69,3.79,3.87,3.94,4.01,4.07,4.12,4.17,4.22,4.26,4.30,4.33,4.36,4.39,4.42,4.45,4.47,4.49,4.51,4.53,4.54,4.56,4.57,4.58,4.59,4.60,4.61,4.62,4.63,4.63,4.64,4.64,4.64,4.65,4.65,4.65,4.65,4.65,4.65,4.65,4.65,4.64,4.64,4.64,4.63
31/05/2003,3.25,3.29,3.36,3.44,3.52,3.59,3.65,3.72,3.77,3.83,3.87,3.92,3.96,4.00,4.04,4.07,4.10,4.13,4.16,4.18,4.21,4.23,4.25,4.27,4.29,4.31,4.32,4.34,4.35,4.36,4.38,4.39,4.40,4.40,4.41,4.42,4.42,4.43,4.43,4.44,4.44,4.44,4.44,4.44,4.44,4.44,4.44,4.43,4.43
30/06/2003,3.28,3.32,3.40,3.48,3.56,3.64,3.71,3.78,3.84,3.90,3.95,4.00,4.05,4.09,4.13,4.17,4.21,4.24,4.27,4.30,4.33,4.35,4.38,4.40,4.42,4.44,4.46,4.48,4.49,4.51,4.52,4.53,4.55,4.56,4.57,4.58,4.59,4.59,4.60,4.61,4.61,4.62,4.62,4.62,4.63,4.63,4.63,4.63,4.63
31/07/2003,3.38,3.55,3.70,3.83,3.93,4.02,4.10,4.17,4.23,4.28,4.33,4.38,4.42,4.46,4.50,4.53,4.56,4.58,4.61,4.63,4.65,4.67,4.69,4.70,4.72,4.73,4.74,4.75,4.76,4.77,4.78,4.79,4.80,4.81,4.81,4.82,4.83,4.83,4.83,4.84,4.84,4.84,4.85,4.85,4.85,4.85,4.85,4.85,4.85
31/08/2003,3.73,3.92,4.07,4.17,4.26,4.32,4.38,4.42,4.46,4.49,4.52,4.54,4.56,4.58,4.60,4.62,4.63,4.64,4.66,4.67,4.68,4.68,4.69,4.70,4.70,4.71,4.71,4.71,4.72,4.72,4.72,4.72,4.72,4.71,4.71,4.71,4.71,4.70,4.70,4.70,4.69,4.69,4.68,4.68,4.67,4.67,4.67,4.66,4.66
30/09/2003,3.73,3.86,3.97,4.06,4.13,4.20,4.25,4.30,4.34,4.38,4.41,4.44,4.47,4.49,4.51,4.53,4.55,4.57,4.58,4.60,4.61,4.62,4.63,4.64,4.65,4.66,4.67,4.67,4.68,4.68,4.68,4.68,4.68,4.68,4.68,4.68,4.68,4.68,4.67,4.67,4.67,4.66,4.66,4.65,4.65,4.64,4.64,4.63,4.63
31/10/2003,4.19,4.40,4.55,4.66,4.74,4.81,4.86,4.90,4.93,4.95,4.97,4.98,5.00,5.00,5.01,5.01,5.01,5.01,5.01,5.01,5.00,5.00,4.99,4.99,4.98,4.98,4.97,4.96,4.96,4.95,4.94,4.93,4.92,4.91,4.90,4.89,4.88,4.87,4.86,4.85,4.84,4.83,4.82,4.81,4.80,4.79,4.78,4.77,4.76
30/11/2003,4.25,4.42,4.55,4.64,4.72,4.78,4.83,4.88,4.91,4.94,4.97,4.99,5.00,5.02,5.03,5.03,5.04,5.04,5.05,5.05,5.05,5.05,5.04,5.04,5.03,5.03,5.02,5.01,5.00,4.99,4.98,4.97,4.96,4.95,4.94,4.93,4.91,4.90,4.89,4.88,4.87,4.85,4.84,4.83,4.82,4.81,4.80,4.79,4.77
31/12/2003,4.06,4.19,4.29,4.37,4.44,4.49,4.54,4.58,4.61,4.64,4.66,4.69,4.70,4.72,4.73,4.75,4.76,4.77,4.77,4.78,4.78,4.79,4.79,4.79,4.79,4.79,4.79,4.78,4.78,4.77,4.77,4.76,4.75,4.75,4.74,4.73,4.72,4.71,4.70,4.69,4.69,4.68,4.67,4.66,4.65,4.64,4.63,4.62,4.61
31/01/2004,4.21,4.33,4.43,4.51,4.57,4.63,4.67,4.70,4.73,4.76,4.78,4.79,4.81,4.82,4.83,4.84,4.85,4.85,4.86,4.86,4.86,4.86,4.86,4.86,4.86,4.86,4.85,4.85,4.84,4.83,4.83,4.82,4.81,4.80,4.79,4.78,4.77,4.76,4.75,4.74,4.73,4.72,4.70,4.69,4.68,4.67,4.66,4.65,4.64
29/02/2004,4.16,4.24,4.32,4.39,4.45,4.50,4.54,4.57,4.60,4.62,4.64,4.66,4.68,4.69,4.70,4.71,4.72,4.73,4.73,4.74,4.74,4.75,4.75,4.75,4.76,4.76,4.76,4.76,4.76,4.75,4.75,4.75,4.75,4.74,4.74,4.74,4.73,4.73,4.72,4.72,4.71,4.71,4.70,4.70,4.69,4.68,4.68,4.67,4.66
31/03/2004,4.33,4.39,4.44,4.48,4.52,4.55,4.57,4.60,4.62,4.63,4.65,4.66,4.67,4.69,4.69,4.70,4.71,4.71,4.72,4.72,4.72,4.72,4.72,4.72,4.72,4.72,4.71,4.71,4.71,4.70,4.70,4.69,4.68,4.68,4.67,4.67,4.66,4.65,4.65,4.64,4.63,4.62,4.62,4.61,4.60,4.60,4.59,4.58,4.58
30/04/2004,4.47,4.56,4.62,4.68,4.72,4.76,4.79,4.82,4.85,4.87,4.89,4.91,4.92,4.93,4.94,4.95,4.95,4.95,4.96,4.96,4.96,4.95,4.95,4.95,4.94,4.93,4.93,4.92,4.92,4.91,4.90,4.89,4.89,4.88,4.87,4.86,4.86,4.85,4.84,4.83,4.82,4.81,4.81,4.80,4.79,4.78,4.77,4.77,4.76
31/05/2004,4.81,4.91,4.98,5.02,5.05,5.08,5.09,5.11,5.12,5.12,5.13,5.13,5.13,5.13,5.13,5.12,5.12,5.11,5.11,5.10,5.09,5.08,5.07,5.06,5.05,5.04,5.03,5.02,5.01,5.00,4.98,4.97,4.96,4.95,4.94,4.93,4.91,4.90,4.89,4.88,4.87,4.86,4.85,4.84,4.83,4.82,4.81,4.80,4.79
30/06/2004,4.82,4.85,4.89,4.92,4.96,4.98,5.01,5.02,5.04,5.05,5.06,5.07,5.07,5.07,5.07,5.07,5.07,5.06,5.06,5.05,5.04,5.03,5.02,5.01,5.00,4.99,4.98,4.97,4.96,4.95,4.93,4.92,4.91,4.90,4.89,4.88,4.86,4.85,4.84,4.83,4.82,4.80,4.79,4.78,4.77,4.76,4.75,4.74,4.73
31/07/2004,4.91,4.95,4.98,5.01,5.04,5.06,5.08,5.09,5.10,5.10,5.10,5.10,5.10,5.10,5.09,5.08,5.07,5.06,5.05,5.04,5.03,5.01,5.00,4.99,4.97,4.96,4.95,4.93,4.92,4.91,4.89,4.88,4.87,4.85,4.84,4.83,4.82,4.81,4.79,4.78,4.77,4.76,4.75,4.74,4.72,4.71,4.70,4.69,4.68
31/08/2004,4.74,4.72,4.73,4.75,4.78,4.80,4.82,4.84,4.86,4.87,4.88,4.89,4.89,4.90,4.90,4.90,4.89,4.89,4.88,4.87,4.87,4.86,4.85,4.84,4.83,4.82,4.80,4.79,4.78,4.77,4.76,4.74,4.73,4.72,4.71,4.69,4.68,4.67,4.65,4.64,4.63,4.62,4.61,4.60,4.58,4.57,4.56,4.55,4.54
30/09/2004,4.63,4.61,4.61,4.63,4.66,4.68,4.71,4.73,4.74,4.76,4.77,4.78,4.79,4.79,4.79,4.79,4.79,4.79,4.79,4.78,4.78,4.78,4.77,4.76,4.76,4.75,4.74,4.74,4.73,4.72,4.71,4.70,4.69,4.68,4.67,4.66,4.65,4.64,4.63,4.62,4.61,4.60,4.59,4.58,4.57,4.56,4.55,4.54,4.53
31/10/2004,4.56,4.51,4.51,4.52,4.54,4.56,4.59,4.61,4.63,4.64,4.66,4.67,4.68,4.69,4.69,4.70,4.70,4.70,4.70,4.70,4.70,4.69,4.69,4.69,4.68,4.68,4.67,4.67,4.66,4.65,4.64,4.63,4.63,4.62,4.61,4.60,4.59,4.58,4.57,4.56,4.55,4.54,4.53,4.52,4.51,4.50,4.49,4.49,4.48
30/11/2004,4.44,4.38,4.36,4.37,4.39,4.41,4.43,4.45,4.47,4.49,4.50,4.52,4.53,4.54,4.55,4.55,4.56,4.56,4.56,4.56,4.56,4.56,4.56,4.56,4.55,4.55,4.54,4.54,4.53,4.52,4.52,4.51,4.50,4.49,4.48,4.47,4.46,4.45,4.45,4.44,4.43,4.42,4.41,4.40,4.39,4.38,4.37,4.36,4.36
31/12/2004,4.47,4.41,4.38,4.38,4.39,4.40,4.41,4.42,4.43,4.44,4.45,4.45,4.46,4.47,4.47,4.48,4.48,4.48,4.49,4.49,4.49,4.49,4.49,4.49,4.49,4.49,4.49,4.48,4.48,4.47,4.47,4.46,4.46,4.45,4.44,4.43,4.43,4.42,4.41,4.40,4.39,4.39,4.38,4.37,4.36,4.35,4.35,4.34,4.33
31/01/2005,4.52,4.45,4.43,4.43,4.44,4.45,4.46,4.47,4.48,4.48,4.49,4.50,4.51,4.51,4.52,4.53,4.53,4.54,4.54,4.55,4.55,4.55,4.55,4.55,4.55,4.55,4.55,4.55,4.55,4.54,4.54,4.53,4.52,4.52,4.51,4.50,4.50,4.49,4.48,4.47,4.47,4.46,4.45,4.44,4.44,4.43,4.42,4.42,4.41
28/02/2005,4.75,4.71,4.70,4.69,4.69,4.69,4.68,4.68,4.68,4.67,4.67,4.67,4.67,4.66,4.66,4.66,4.66,4.65,4.65,4.65,4.64,4.64,4.63,4.63,4.62,4.62,4.61,4.61,4.60,4.59,4.59,4.58,4.57,4.57,4.56,4.55,4.54,4.53,4.52,4.52,4.51,4.50,4.49,4.48,4.47,4.47,4.46,4.45,4.44
31/03/2005,4.68,4.64,4.62,4.61,4.60,4.60,4.61,4.61,4.61,4.61,4.62,4.62,4.62,4.63,4.63,4.63,4.64,4.64,4.64,4.64,4.64,4.64,4.64,4.63,4.63,4.63,4.63,4.62,4.62,4.62,4.61,4.61,4.60,4.60,4.59,4.59,4.58,4.57,4.57,4.56,4.55,4.55,4.54,4.53,4.53,4.52,4.51,4.51,4.50
30/04/2005,4.58,4.51,4.48,4.46,4.45,4.45,4.45,4.45,4.45,4.45,4.45,4.46,4.46,4.46,4.47,4.47,4.47,4.47,4.47,4.48,4.48,4.48,4.48,4.48,4.48,4.47,4.47,4.47,4.47,4.47,4.46,4.46,4.46,4.45,4.45,4.45,4.44,4.44,4.43,4.43,4.42,4.42,4.41,4.41,4.40,4.40,4.39,4.39,4.38
31/05/2005,4.41,4.28,4.22,4.20,4.19,4.19,4.19,4.20,4.21,4.22,4.23,4.23,4.24,4.25,4.26,4.26,4.27,4.28,4.28,4.29,4.29,4.30,4.30,4.30,4.31,4.31,4.32,4.32,4.32,4.33,4.33,4.33,4.33,4.33,4.33,4.33,4.33,4.33,4.33,4.33,4.33,4.33,4.33,4.33,4.32,4.32,4.32,4.32,4.31
30/06/2005,4.20,4.08,4.02,4.00,4.00,4.01,4.02,4.03,4.04,4.06,4.07,4.08,4.10,4.11,4.12,4.13,4.14,4.14,4.15,4.16,4.16,4.17,4.17,4.18,4.18,4.19,4.19,4.19,4.20,4.20,4.20,4.20,4.20,4.21,4.21,4.21,4.21,4.21,4.21,4.21,4.21,4.21,4.20,4.20,4.20,4.20,4.20,4.20,4.20
31/07/2005,4.21,4.17,4.15,4.16,4.17,4.18,4.19,4.21,4.22,4.23,4.24,4.25,4.26,4.27,4.27,4.28,4.28,4.29,4.29,4.29,4.29,4.30,4.30,4.30,4.30,4.31,4.31,4.31,4.31,4.32,4.32,4.32,4.32,4.32,4.32,4.32,4.32,4.32,4.32,4.32,4.32,4.31,4.31,4.31,4.31,4.31,4.30,4.30,4.30
31/08/2005,4.19,4.10,4.06,4.05,4.05,4.05,4.05,4.06,4.07,4.07,4.08,4.09,4.09,4.10,4.10,4.11,4.11,4.12,4.12,4.13,4.13,4.14,4.14,4.15,4.15,4.15,4.16,4.16,4.16,4.17,4.17,4.17,4.17,4.17,4.17,4.17,4.17,4.17,4.17,4.17,4.17,4.17,4.17,4.17,4.17,4.16,4.16,4.16,4.16
30/09/2005,4.23,4.17,4.15,4.15,4.15,4.16,4.17,4.18,4.19,4.20,4.21,4.21,4.22,4.23,4.23,4.23,4.24,4.24,4.25,4.25,4.25,4.26,4.26,4.26,4.26,4.26,4.26,4.26,4.26,4.26,4.26,4.26,4.25,4.25,4.25,4.25,4.24,4.24,4.23,4.23,4.23,4.22,4.22,4.21,4.21,4.21,4.20,4.20,4.19
31/10/2005,4.32,4.28,4.27,4.27,4.27,4.28,4.28,4.28,4.29,4.29,4.29,4.29,4.29,4.29,4.29,4.28,4.28,4.28,4.28,4.28,4.28,4.28,4.28,4.28,4.28,4.28,4.28,4.28,4.28,4.27,4.27,4.27,4.26,4.26,4.26,4.25,4.25,4.24,4.24,4.23,4.23,4.22,4.22,4.21,4.21,4.20,4.20,4.19,4.19
30/11/2005,4.31,4.25,4.23,4.23,4.22,4.22,4.22,4.21,4.21,4.21,4.20,4.20,4.19,4.19,4.18,4.18,4.17,4.17,4.17,4.16,4.16,4.16,4.16,4.15,4.15,4.15,4.14,4.14,4.14,4.13,4.13,4.12,4.12,4.11,4.11,4.10,4.10,4.09,4.09,4.08,4.07,4.07,4.06,4.06,4.05,4.05,4.04,4.04,4.03
31/12/2005,4.20,4.14,4.13,4.12,4.12,4.12,4.12,4.11,4.11,4.10,4.09,4.09,4.08,4.07,4.07,4.06,4.06,4.05,4.05,4.04,4.04,4.04,4.04,4.03,4.03,4.03,4.02,4.02,4.02,4.01,4.01,4.00,4.00,3.99,3.99,3.98,3.97,3.97,3.96,3.96,3.95,3.94,3.94,3.93,3.93,3.92,3.92,3.91,3.90
31/01/2006,4.31,4.27,4.25,4.24,4.23,4.22,4.20,4.19,4.18,4.17,4.15,4.14,4.13,4.12,4.11,4.10,4.09,4.09,4.08,4.07,4.06,4.06,4.05,4.04,4.03,4.02,4.01,4.00,3.99,3.98,3.97,3.96,3.94,3.93,3.92,3.90,3.89,3.88,3.86,3.85,3.84,3.83,3.81,3.80,3.79,3.78,3.77,3.76,3.75
28/02/2006,4.32,4.30,4.28,4.28,4.27,4.25,4.24,4.23,4.22,4.20,4.19,4.18,4.17,4.16,4.15,4.14,4.14,4.13,4.12,4.11,4.10,4.10,4.09,4.08,4.07,4.06,4.05,4.04,4.03,4.02,4.01,4.00,3.99,3.98,3.96,3.95,3.94,3.92,3.91,3.90,3.88,3.87,3.86,3.84,3.83,3.82,3.81,3.80,3.79
31/03/2006,4.42,4.41,4.42,4.42,4.42,4.42,4.41,4.41,4.40,4.40,4.39,4.39,4.38,4.38,4.37,4.36,4.36,4.35,4.34,4.34,4.33,4.32,4.31,4.31,4.30,4.29,4.28,4.27,4.26,4.25,4.24,4.23,4.21,4.20,4.19,4.18,4.16,4.15,4.14,4.13,4.11,4.10,4.09,4.08,4.06,4.05,4.04,4.03,4.02
30/04/2006,4.53,4.56,4.58,4.60,4.61,4.61,4.62,4.62,4.62,4.62,4.62,4.62,4.62,4.61,4.61,4.60,4.60,4.59,4.58,4.58,4.57,4.56,4.55,4.54,4.53,4.52,4.50,4.49,4.48,4.46,4.45,4.43,4.42,4.40,4.39,4.37,4.36,4.34,4.33,4.31,4.30,4.29,4.27,4.26,4.24,4.23,4.22,4.21,4.19
31/05/2006,4.63,4.66,4.67,4.67,4.67,4.66,4.66,4.65,4.64,4.63,4.62,4.61,4.60,4.59,4.58,4.57,4.56,4.55,4.54,4.53,4.52,4.51,4.50,4.49,4.48,4.47,4.46,4.45,4.44,4.42,4.41,4.40,4.38,4.37,4.36,4.34,4.33,4.31,4.30,4.28,4.27,4.25,4.24,4.22,4.21,4.19,4.18,4.17,4.15
30/06/2006,4.68,4.73,4.75,4.76,4.77,4.76,4.76,4.75,4.74,4.73,4.72,4.72,4.71,4.70,4.69,4.68,4.67,4.66,4.65,4.64,4.63,4.63,4.62,4.61,4.60,4.58,4.57,4.56,4.55,4.54,4.53,4.51,4.50,4.49,4.47,4.46,4.44,4.43,4.41,4.40,4.38,4.37,4.35,4.34,4.33,4.31,4.30,4.28,4.27
31/07/2006,4.71,4.71,4.71,4.71,4.70,4.69,4.69,4.68,4.67,4.66,4.64,4.63,4.62,4.61,4.60,4.58,4.57,4.56,4.55,4.54,4.53,4.51,4.50,4.49,4.48,4.47,4.46,4.45,4.44,4.42,4.41,4.40,4.38,4.37,4.36,4.34,4.33,4.31,4.30,4.28,4.27,4.25,4.24,4.22,4.21,4.20,4.18,4.17,4.15
31/08/2006,4.88,4.84,4.81,4.77,4.74,4.72,4.69,4.66,4.64,4.61,4.59,4.57,4.54,4.52,4.50,4.49,4.47,4.45,4.44,4.42,4.41,4.39,4.38,4.37,4.36,4.34,4.33,4.32,4.30,4.29,4.28,4.26,4.25,4.23,4.22,4.21,4.19,4.18,4.16,4.15,4.14,4.12,4.11,4.09,4.08,4.07,4.05,4.04,4.03
30/09/2006,4.93,4.87,4.82,4.78,4.74,4.72,4.69,4.66,4.64,4.62,4.59,4.57,4.55,4.53,4.51,4.49,4.48,4.46,4.45,4.43,4.42,4.41,4.39,4.38,4.37,4.35,4.34,4.32,4.31,4.29,4.28,4.26,4.25,4.23,4.22,4.20,4.19,4.17,4.16,4.14,4.12,4.11,4.09,4.08,4.06,4.05,4.03,4.02,4.00
31/10/2006,5.05,4.98,4.92,4.88,4.84,4.80,4.76,4.73,4.70,4.66,4.63,4.60,4.57,4.54,4.51,4.49,4.46,4.44,4.42,4.40,4.38,4.36,4.35,4.33,4.31,4.29,4.28,4.26,4.24,4.22,4.21,4.19,4.17,4.15,4.14,4.12,4.10,4.08,4.06,4.05,4.03,4.01,3.99,3.98,3.96,3.94,3.93,3.91,3.89
30/11/2006,5.04,4.97,4.92,4.87,4.83,4.80,4.76,4.73,4.69,4.66,4.62,4.59,4.56,4.53,4.50,4.47,4.45,4.43,4.41,4.39,4.37,4.35,4.33,4.32,4.30,4.29,4.27,4.26,4.24,4.23,4.21,4.20,4.18,4.17,4.15,4.14,4.12,4.11,4.09,4.07,4.06,4.04,4.03,4.01,4.00,3.98,3.97,3.95,3.94
31/12/2006,5.18,5.13,5.10,5.07,5.04,5.01,4.97,4.94,4.91,4.88,4.85,4.82,4.78,4.75,4.73,4.70,4.67,4.65,4.63,4.60,4.58,4.56,4.55,4.53,4.51,4.49,4.47,4.46,4.44,4.42,4.40,4.38,4.37,4.35,4.33,4.31,4.29,4.28,4.26,4.24,4.22,4.20,4.19,4.17,4.15,4.13,4.12,4.10,4.08
31/01/2007,5.47,5.42,5.37,5.33,5.29,5.25,5.22,5.18,5.15,5.11,5.08,5.05,5.02,4.99,4.96,4.93,4.90,4.87,4.85,4.82,4.80,4.78,4.75,4.73,4.71,4.69,4.67,4.65,4.63,4.61,4.59,4.57,4.55,4.53,4.51,4.49,4.47,4.45,4.43,4.41,4.39,4.37,4.35,4.33,4.32,4.30,4.28,4.26,4.25
28/02/2007,5.36,5.30,5.23,5.18,5.13,5.09,5.05,5.01,4.97,4.94,4.91,4.87,4.84,4.81,4.79,4.76,4.73,4.71,4.68,4.66,4.64,4.62,4.60,4.58,4.56,4.54,4.52,4.50,4.48,4.47,4.45,4.43,4.41,4.40,4.38,4.36,4.34,4.32,4.31,4.29,4.27,4.25,4.24,4.22,4.20,4.18,4.17,4.15,4.13
31/03/2007,5.46,5.41,5.36,5.31,5.27,5.23,5.20,5.17,5.14,5.11,5.08,5.05,5.02,4.99,4.96,4.93,4.91,4.88,4.86,4.83,4.81,4.79,4.77,4.75,4.73,4.71,4.69,4.67,4.65,4.63,4.61,4.60,4.58,4.56,4.54,4.52,4.51,4.49,4.47,4.45,4.43,4.42,4.40,4.38,4.36,4.35,4.33,4.31,4.30
30/04/2007,5.57,5.51,5.44,5.37,5.31,5.25,5.20,5.16,5.13,5.10,5.07,5.05,5.03,5.01,4.99,4.97,4.96,4.94,4.92,4.91,4.89,4.88,4.86,4.84,4.83,4.81,4.79,4.77,4.75,4.74,4.72,4.70,4.68,4.66,4.64,4.62,4.60,4.58,4.56,4.54,4.52,4.51,4.49,4.47,4.45,4.43,4.41,4.40,4.38
31/05/2007,5.74,5.72,5.68,5.62,5.57,5.51,5.46,5.42,5.38,5.34,5.31,5.28,5.26,5.23,5.21,5.19,5.17,5.15,5.13,5.11,5.09,5.07,5.05,5.03,5.00,4.98,4.96,4.94,4.92,4.90,4.88,4.86,4.84,4.81,4.79,4.77,4.75,4.73,4.70,4.68,4.66,4.64,4.62,4.60,4.58,4.56,4.54,4.52,4.50
30/06/2007,5.83,5.80,5.76,5.72,5.69,5.65,5.62,5.59,5.56,5.54,5.52,5.50,5.48,5.46,5.44,5.42,5.40,5.38,5.36,5.34,5.32,5.29,5.27,5.25,5.23,5.20,5.18,5.16,5.13,5.11,5.09,5.06,5.04,5.02,4.99,4.97,4.94,4.92,4.90,4.88,4.85,4.83,4.81,4.79,4.76,4.74,4.72,4.70,4.68
31/07/2007,5.77,5.64,5.55,5.49,5.45,5.42,5.39,5.37,5.35,5.32,5.30,5.28,5.26,5.23,5.21,5.19,5.16,5.14,5.12,5.09,5.07,5.05,5.02,5.00,4.98,4.95,4.93,4.91,4.89,4.86,4.84,4.82,4.79,4.77,4.75,4.73,4.70,4.68,4.66,4.64,4.61,4.59,4.57,4.55,4.53,4.51,4.49,4.47,4.45
31/08/2007,5.59,5.42,5.30,5.23,5.19,5.16,5.14,5.12,5.10,5.09,5.07,5.06,5.04,5.02,5.01,4.99,4.97,4.95,4.94,4.92,4.90,4.88,4.86,4.84,4.82,4.80,4.78,4.76,4.74,4.73,4.71,4.69,4.67,4.65,4.63,4.61,4.59,4.57,4.55,4.53,4.51,4.49,4.48,4.46,4.44,4.42,4.41,4.39,4.37
30/09/2007,5.28,5.10,5.01,4.96,4.95,4.94,4.95,4.95,4.96,4.97,4.97,4.97,4.98,4.98,4.97,4.97,4.97,4.96,4.95,4.94,4.93,4.92,4.91,4.89,4.88,4.86,4.85,4.83,4.82,4.80,4.78,4.77,4.75,4.73,4.71,4.70,4.68,4.66,4.65,4.63,4.61,4.60,4.58,4.57,4.55,4.54,4.52,4.51,4.49
31/10/2007,5.33,5.16,5.06,5.00,4.97,4.95,4.94,4.93,4.92,4.92,4.91,4.91,4.90,4.90,4.89,4.89,4.88,4.88,4.87,4.86,4.85,4.84,4.83,4.82,4.81,4.79,4.78,4.76,4.75,4.73,4.72,4.70,4.69,4.67,4.65,4.64,4.62,4.60,4.59,4.57,4.56,4.54,4.52,4.51,4.49,4.48,4.47,4.45,4.44
30/11/2007,4.97,4.67,4.54,4.49,4.48,4.49,4.51,4.53,4.55,4.57,4.58,4.60,4.61,4.62,4.62,4.63,4.63,4.64,4.64,4.64,4.64,4.64,4.63,4.63,4.63,4.62,4.62,4.61,4.60,4.60,4.59,4.58,4.57,4.56,4.55,4.54,4.53,4.52,4.51,4.50,4.49,4.48,4.47,4.46,4.45,4.44,4.43,4.42,4.41
31/12/2007,4.76,4.46,4.34,4.30,4.30,4.31,4.34,4.37,4.39,4.42,4.44,4.46,4.47,4.49,4.50,4.51,4.51,4.52,4.52,4.52,4.52,4.52,4.51,4.51,4.50,4.50,4.49,4.48,4.48,4.47,4.46,4.45,4.44,4.43,4.42,4.41,4.40,4.39,4.38,4.37,4.36,4.35,4.34,4.33,4.32,4.30,4.29,4.28,4.27
31/01/2008,4.54,4.33,4.24,4.20,4.20,4.21,4.23,4.26,4.29,4.32,4.34,4.37,4.39,4.41,4.43,4.45,4.47,4.48,4.49,4.50,4.50,4.51,4.51,4.51,4.51,4.51,4.51,4.50,4.50,4.49,4.49,4.48,4.47,4.46,4.45,4.45,4.44,4.43,4.42,4.41,4.40,4.39,4.37,4.36,4.35,4.34,4.33,4.32,4.31
29/02/2008,4.42,4.14,4.03,4.01,4.02,4.05,4.10,4.14,4.19,4.24,4.29,4.33,4.37,4.40,4.43,4.46,4.49,4.51,4.53,4.54,4.56,4.57,4.57,4.58,4.58,4.58,4.58,4.58,4.58,4.58,4.57,4.57,4.56,4.55,4.54,4.53,4.52,4.51,4.50,4.49,4.48,4.47,4.46,4.45,4.43,4.42,4.41,4.40,4.39
31/03/2008,4.31,4.00,3.86,3.81,3.81,3.83,3.86,3.91,3.95,4.00,4.05,4.10,4.15,4.20,4.25,4.29,4.34,4.38,4.42,4.46,4.50,4.53,4.56,4.58,4.60,4.62,4.64,4.65,4.65,4.66,4.66,4.66,4.66,4.65,4.65,4.64,4.63,4.62,4.60,4.59,4.57,4.56,4.54,4.52,4.51,4.49,4.47,4.45,4.44
30/04/2008,4.53,4.41,4.35,4.34,4.34,4.36,4.38,4.41,4.44,4.47,4.50,4.53,4.56,4.59,4.63,4.65,4.68,4.71,4.73,4.76,4.77,4.79,4.80,4.82,4.82,4.83,4.83,4.83,4.83,4.83,4.82,4.81,4.80,4.79,4.78,4.76,4.75,4.73,4.71,4.69,4.67,4.65,4.63,4.61,4.59,4.57,4.55,4.53,4.51
31/05/2008,5.07,5.03,5.00,4.98,4.96,4.95,4.94,4.94,4.93,4.93,4.94,4.94,4.95,4.95,4.96,4.97,4.98,4.99,5.00,5.01,5.01,5.02,5.02,5.02,5.02,5.02,5.01,5.01,5.00,4.99,4.98,4.96,4.95,4.93,4.91,4.89,4.87,4.85,4.83,4.80,4.78,4.75,4.73,4.70,4.68,4.65,4.63,4.60,4.58
30/06/2008,5.22,5.18,5.16,5.15,5.15,5.15,5.15,5.15,5.16,5.16,5.16,5.17,5.17,5.17,5.17,5.17,5.17,5.17,5.17,5.17,5.16,5.16,5.15,5.14,5.14,5.13,5.12,5.10,5.09,5.08,5.06,5.04,5.02,5.01,4.99,4.96,4.94,4.92,4.90,4.87,4.85,4.82,4.80,4.77,4.75,4.72,4.70,4.67,4.65
31/07/2008,4.98,4.87,4.80,4.77,4.75,4.74,4.74,4.75,4.75,4.76,4.77,4.77,4.78,4.79,4.81,4.82,4.83,4.84,4.85,4.86,4.87,4.87,4.88,4.88,4.89,4.89,4.89,4.88,4.88,4.87,4.86,4.85,4.84,4.83,4.81,4.80,4.78,4.76,4.74,4.72,4.70,4.68,4.66,4.64,4.61,4.59,4.57,4.55,4.52
31/08/2008,4.77,4.59,4.48,4.42,4.39,4.38,4.37,4.38,4.39,4.40,4.41,4.42,4.44,4.45,4.47,4.48,4.50,4.51,4.53,4.55,4.56,4.57,4.59,4.60,4.61,4.62,4.62,4.63,4.63,4.63,4.63,4.63,4.63,4.63,4.62,4.62,4.61,4.60,4.59,4.57,4.56,4.55,4.53,4.52,4.50,4.48,4.47,4.45,4.43
30/09/2008,4.06,3.98,3.97,3.99,4.02,4.06,4.10,4.14,4.18,4.22,4.26,4.29,4.33,4.36,4.40,4.43,4.46,4.49,4.52,4.55,4.57,4.60,4.62,4.64,4.65,4.67,4.68,4.69,4.70,4.70,4.71,4.71,4.71,4.71,4.71,4.70,4.70,4.69,4.68,4.67,4.67,4.65,4.64,4.63,4.62,4.61,4.60,4.58,4.57
31/10/2008,2.86,2.91,3.06,3.23,3.40,3.56,3.70,3.84,3.96,4.07,4.17,4.26,4.34,4.42,4.49,4.55,4.60,4.65,4.70,4.74,4.78,4.81,4.84,4.86,4.88,4.90,4.92,4.93,4.94,4.95,4.96,4.96,4.96,4.96,4.96,4.95,4.94,4.93,4.92,4.91,4.89,4.87,4.85,4.83,4.81,4.79,4.77,4.74,4.72
30/11/2008,1.78,2.15,2.46,2.70,2.89,3.04,3.17,3.27,3.37,3.45,3.53,3.60,3.67,3.73,3.79,3.85,3.90,3.96,4.01,4.06,4.11,4.16,4.20,4.25,4.29,4.33,4.37,4.40,4.44,4.46,4.49,4.51,4.53,4.55,4.56,4.57,4.57,4.57,4.57,4.56,4.56,4.55,4.53,4.52,4.50,4.48,4.46,4.43,4.41
31/12/2008,0.91,1.18,1.51,1.81,2.06,2.26,2.43,2.57,2.70,2.80,2.89,2.97,3.05,3.11,3.17,3.23,3.28,3.34,3.39,3.44,3.49,3.54,3.59,3.64,3.69,3.73,3.77,3.82,3.85,3.89,3.92,3.95,3.98,4.00,4.02,4.04,4.05,4.06,4.06,4.06,4.06,4.06,4.05,4.04,4.03,4.02,4.01,3.99,3.98
31/01/2009,0.95,1.15,1.43,1.72,1.99,2.24,2.47,2.68,2.87,3.05,3.21,3.36,3.50,3.62,3.73,3.83,3.92,4.00,4.08,4.14,4.20,4.26,4.31,4.35,4.40,4.44,4.47,4.51,4.54,4.56,4.59,4.61,4.63,4.65,4.66,4.67,4.68,4.69,4.70,4.70,4.70,4.70,4.70,4.70,4.69,4.69,4.68,4.67,4.66
28/02/2009,0.77,1.03,1.32,1.58,1.83,2.05,2.26,2.44,2.62,2.78,2.93,3.07,3.20,3.32,3.43,3.54,3.64,3.73,3.82,3.90,3.97,4.05,4.12,4.18,4.25,4.30,4.36,4.41,4.46,4.50,4.54,4.57,4.60,4.63,4.65,4.67,4.69,4.70,4.71,4.72,4.72,4.72,4.72,4.72,4.71,4.70,4.70,4.69,4.68
31/03/2009,0.69,0.96,1.28,1.58,1.83,2.04,2.21,2.35,2.47,2.57,2.66,2.75,2.83,2.91,2.99,3.07,3.15,3.23,3.30,3.38,3.45,3.52,3.59,3.65,3.72,3.78,3.83,3.89,3.93,3.98,4.02,4.06,4.10,4.13,4.16,4.19,4.22,4.24,4.26,4.28,4.30,4.32,4.34,4.36,4.38,4.39,4.41,4.42,4.44
30/04/2009,0.67,0.95,1.30,1.61,1.88,2.11,2.29,2.45,2.59,2.72,2.84,2.95,3.06,3.16,3.26,3.36,3.45,3.55,3.64,3.72,3.80,3.88,3.96,4.03,4.09,4.15,4.21,4.26,4.31,4.35,4.39,4.43,4.46,4.49,4.51,4.53,4.55,4.57,4.58,4.59,4.60,4.61,4.62,4.62,4.62,4.62,4.62,4.62,4.62
31/05/2009,0.66,0.98,1.35,1.69,1.98,2.21,2.41,2.57,2.72,2.85,2.97,3.09,3.20,3.31,3.42,3.52,3.62,3.72,3.81,3.90,3.99,4.06,4.14,4.20,4.27,4.32,4.37,4.42,4.46,4.50,4.54,4.57,4.60,4.62,4.64,4.66,4.68,4.70,4.71,4.73,4.74,4.75,4.76,4.77,4.78,4.79,4.80,4.80,4.81
30/06/2009,0.83,1.28,1.72,2.08,2.36,2.58,2.74,2.87,2.97,3.06,3.14,3.21,3.28,3.35,3.42,3.49,3.56,3.63,3.70,3.77,3.84,3.91,3.98,4.04,4.10,4.15,4.21,4.26,4.30,4.34,4.38,4.41,4.45,4.47,4.50,4.52,4.54,4.56,4.57,4.58,4.59,4.60,4.61,4.62,4.62,4.62,4.63,4.63,4.63
31/07/2009,0.74,1.24,1.70,2.08,2.38,2.61,2.80,2.95,3.08,3.19,3.29,3.38,3.47,3.55,3.62,3.70,3.77,3.84,3.91,3.98,4.05,4.11,4.17,4.23,4.29,4.34,4.39,4.44,4.48,4.52,4.56,4.59,4.62,4.65,4.68,4.70,4.71,4.73,4.74,4.75,4.76,4.77,4.77,4.78,4.78,4.78,4.77,4.77,4.77
31/08/2009,0.58,0.99,1.39,1.72,1.99,2.20,2.39,2.55,2.69,2.82,2.93,3.04,3.15,3.24,3.33,3.42,3.49,3.57,3.63,3.69,3.74,3.79,3.83,3.87,3.90,3.93,3.96,3.98,4.00,4.01,4.03,4.04,4.05,4.06,4.07,4.08,4.09,4.10,4.11,4.12,4.13,4.14,4.15,4.16,4.17,4.18,4.19,4.19,4.20
30/09/2009,0.66,1.03,1.38,1.68,1.94,2.16,2.35,2.52,2.68,2.82,2.96,3.08,3.19,3.30,3.40,3.49,3.57,3.64,3.71,3.77,3.83,3.88,3.92,3.96,3.99,4.01,4.04,4.06,4.08,4.09,4.10,4.11,4.12,4.13,4.13,4.14,4.14,4.15,4.15,4.15,4.16,4.16,4.16,4.16,4.16,4.17,4.17,4.17,4.17
31/10/2009,0.69,1.06,1.43,1.74,2.01,2.24,2.43,2.61,2.77,2.91,3.04,3.16,3.26,3.37,3.46,3.55,3.63,3.70,3.77,3.83,3.89,3.94,3.99,4.03,4.07,4.10,4.13,4.16,4.18,4.20,4.22,4.23,4.24,4.25,4.26,4.27,4.27,4.28,4.28,4.28,4.28,4.28,4.28,4.28,4.27,4.27,4.27,4.26,4.26
30/11/2009,0.61,0.92,1.26,1.56,1.84,2.08,2.30,2.49,2.66,2.81,2.95,3.08,3.19,3.29,3.39,3.48,3.56,3.63,3.70,3.76,3.82,3.87,3.92,3.96,4.00,4.04,4.07,4.10,4.12,4.14,4.16,4.18,4.19,4.20,4.21,4.22,4.23,4.23,4.24,4.24,4.24,4.24,4.24,4.23,4.23,4.23,4.22,4.22,4.21
31/12/2009,0.71,1.07,1.44,1.77,2.07,2.33,2.57,2.79,2.98,3.16,3.33,3.48,3.62,3.74,3.85,3.96,4.05,4.13,4.20,4.27,4.32,4.37,4.42,4.46,4.49,4.52,4.54,4.56,4.57,4.58,4.59,4.60,4.60,4.61,4.61,4.61,4.60,4.60,4.59,4.59,4.58,4.57,4.57,4.56,4.55,4.54,4.53,4.52,4.51
31/01/2010,0.71,1.06,1.43,1.76,2.05,2.31,2.54,2.75,2.94,3.12,3.27,3.42,3.55,3.67,3.78,3.88,3.96,4.04,4.11,4.18,4.23,4.28,4.32,4.36,4.39,4.42,4.44,4.47,4.48,4.50,4.51,4.52,4.52,4.53,4.53,4.53,4.53,4.53,4.53,4.53,4.52,4.52,4.51,4.51,4.50,4.50,4.49,4.48,4.48
28/02/2010,0.64,0.89,1.19,1.49,1.78,2.06,2.32,2.56,2.78,2.99,3.19,3.37,3.53,3.68,3.82,3.94,4.05,4.15,4.24,4.32,4.38,4.45,4.50,4.55,4.59,4.62,4.65,4.67,4.69,4.71,4.73,4.74,4.75,4.75,4.76,4.76,4.77,4.77,4.77,4.77,4.77,4.77,4.76,4.76,4.76,4.75,4.75,4.74,4.74
31/03/2010,0.68,0.95,1.25,1.54,1.83,2.09,2.34,2.57,2.79,2.98,3.17,3.34,3.50,3.64,3.77,3.89,4.00,4.09,4.18,4.25,4.32,4.38,4.43,4.47,4.50,4.54,4.56,4.58,4.60,4.61,4.63,4.64,4.64,4.65,4.65,4.65,4.66,4.66,4.66,4.66,4.66,4.66,4.66,4.65,4.65,4.65,4.65,4.65,4.64
30/04/2010,0.68,0.95,1.26,1.55,1.83,2.09,2.33,2.55,2.75,2.94,3.12,3.29,3.44,3.58,3.70,3.82,3.92,4.02,4.10,4.18,4.25,4.31,4.36,4.40,4.44,4.48,4.51,4.53,4.55,4.57,4.58,4.59,4.60,4.61,4.62,4.62,4.62,4.63,4.63,4.63,4.63,4.63,4.63,4.63,4.63,4.62,4.62,4.62,4.62
31/05/2010,0.61,0.81,1.05,1.30,1.54,1.77,2.00,2.21,2.41,2.60,2.77,2.94,3.09,3.23,3.37,3.49,3.60,3.70,3.79,3.88,3.95,4.02,4.08,4.14,4.19,4.23,4.27,4.31,4.34,4.36,4.39,4.41,4.42,4.44,4.45,4.46,4.47,4.48,4.48,4.49,4.49,4.49,4.49,4.49,4.49,4.49,4.49,4.48,4.48
30/06/2010,0.60,0.74,0.94,1.16,1.38,1.60,1.81,2.02,2.21,2.40,2.57,2.73,2.88,3.02,3.15,3.28,3.39,3.49,3.59,3.67,3.75,3.82,3.89,3.95,4.01,4.06,4.10,4.14,4.18,4.21,4.24,4.27,4.29,4.31,4.33,4.34,4.36,4.37,4.38,4.38,4.39,4.40,4.40,4.40,4.41,4.41,4.41,4.41,4.41
31/07/2010,0.63,0.79,0.99,1.21,1.43,1.64,1.85,2.04,2.23,2.40,2.57,2.73,2.87,3.01,3.14,3.26,3.37,3.47,3.57,3.66,3.74,3.82,3.89,3.96,4.02,4.08,4.13,4.18,4.22,4.26,4.30,4.33,4.36,4.39,4.42,4.44,4.46,4.48,4.50,4.51,4.52,4.53,4.54,4.55,4.55,4.56,4.56,4.56,4.56
31/08/2010,0.58,0.65,0.77,0.92,1.08,1.25,1.42,1.59,1.76,1.92,2.07,2.22,2.35,2.48,2.61,2.72,2.83,2.93,3.02,3.11,3.19,3.26,3.33,3.40,3.46,3.52,3.57,3.62,3.66,3.70,3.74,3.77,3.80,3.83,3.86,3.88,3.90,3.92,3.94,3.96,3.97,3.98,3.99,4.00,4.01,4.02,4.02,4.03,4.03
30/09/2010,0.59,0.67,0.79,0.94,1.10,1.28,1.46,1.64,1.81,1.98,2.15,2.30,2.45,2.59,2.72,2.84,2.95,3.06,3.15,3.24,3.32,3.39,3.46,3.52,3.58,3.63,3.68,3.72,3.76,3.79,3.83,3.86,3.89,3.91,3.93,3.95,3.97,3.99,4.01,4.02,4.03,4.05,4.06,4.07,4.08,4.08,4.09,4.10,4.10
31/10/2010,0.61,0.70,0.82,0.97,1.14,1.32,1.51,1.70,1.88,2.06,2.23,2.39,2.55,2.69,2.83,2.96,3.09,3.20,3.30,3.40,3.49,3.58,3.65,3.72,3.79,3.85,3.91,3.96,4.00,4.05,4.09,4.12,4.16,4.19,4.22,4.24,4.26,4.28,4.30,4.32,4.33,4.35,4.36,4.37,4.38,4.39,4.39,4.40,4.41
30/11/2010,0.59,0.69,0.85,1.03,1.23,1.44,1.64,1.84,2.03,2.21,2.39,2.55,2.71,2.86,2.99,3.12,3.24,3.36,3.46,3.56,3.64,3.73,3.80,3.87,3.94,3.99,4.05,4.10,4.14,4.18,4.22,4.25,4.28,4.31,4.33,4.35,4.37,4.39,4.40,4.41,4.42,4.43,4.44,4.44,4.45,4.45,4.45,4.45,4.45
31/12/2010,0.65,0.82,1.03,1.26,1.49,1.71,1.92,2.12,2.31,2.49,2.66,2.81,2.95,3.09,3.21,3.33,3.43,3.53,3.62,3.70,3.77,3.84,3.90,3.95,4.00,4.05,4.09,4.12,4.15,4.18,4.21,4.23,4.25,4.27,4.29,4.30,4.31,4.32,4.33,4.34,4.35,4.35,4.35,4.36,4.36,4.36,4.36,4.36,4.36
31/01/2011,0.79,1.00,1.24,1.48,1.72,1.96,2.18,2.39,2.59,2.77,2.94,3.09,3.24,3.37,3.49,3.60,3.70,3.80,3.88,3.96,4.03,4.09,4.15,4.20,4.25,4.29,4.33,4.36,4.40,4.42,4.45,4.47,4.49,4.51,4.53,4.55,4.56,4.57,4.58,4.59,4.60,4.61,4.61,4.62,4.62,4.62,4.63,4.63,4.63
28/02/2011,0.90,1.13,1.37,1.61,1.84,2.06,2.27,2.47,2.65,2.82,2.98,3.13,3.27,3.40,3.51,3.62,3.72,3.81,3.89,3.96,4.02,4.08,4.14,4.18,4.23,4.26,4.30,4.33,4.35,4.38,4.40,4.42,4.44,4.46,4.47,4.49,4.50,4.51,4.52,4.53,4.53,4.54,4.55,4.55,4.55,4.55,4.56,4.55,4.55
31/03/2011,0.94,1.16,1.39,1.62,1.85,2.07,2.28,2.48,2.66,2.83,2.99,3.14,3.27,3.40,3.52,3.63,3.73,3.82,3.90,3.97,4.04,4.10,4.15,4.20,4.24,4.28,4.31,4.34,4.37,4.39,4.41,4.43,4.44,4.46,4.47,4.48,4.49,4.50,4.51,4.51,4.52,4.52,4.53,4.53,4.53,4.53,4.53,4.52,4.52
30/04/2011,0.75,0.95,1.18,1.41,1.64,1.87,2.07,2.27,2.45,2.63,2.79,2.94,3.08,3.21,3.33,3.44,3.54,3.63,3.71,3.79,3.85,3.92,3.97,4.02,4.06,4.10,4.14,4.17,4.19,4.22,4.24,4.26,4.28,4.29,4.30,4.32,4.33,4.34,4.34,4.35,4.36,4.36,4.36,4.36,4.36,4.36,4.36,4.36,4.36
31/05/2011,0.70,0.86,1.05,1.26,1.47,1.68,1.88,2.07,2.25,2.42,2.59,2.74,2.88,3.02,3.15,3.26,3.37,3.47,3.57,3.65,3.73,3.80,3.86,3.92,3.97,4.02,4.06,4.10,4.13,4.16,4.19,4.21,4.23,4.25,4.27,4.28,4.29,4.30,4.31,4.32,4.32,4.33,4.33,4.33,4.33,4.33,4.33,4.33,4.33
30/06/2011,0.68,0.81,0.98,1.18,1.39,1.60,1.81,2.01,2.20,2.39,2.57,2.74,2.90,3.05,3.19,3.33,3.45,3.56,3.67,3.76,3.85,3.93,4.00,4.07,4.12,4.18,4.22,4.27,4.30,4.34,4.37,4.39,4.41,4.43,4.45,4.46,4.48,4.49,4.50,4.50,4.51,4.51,4.52,4.52,4.52,4.52,4.52,4.52,4.51
31/07/2011,0.59,0.64,0.75,0.89,1.05,1.22,1.40,1.58,1.75,1.92,2.09,2.25,2.40,2.55,2.69,2.82,2.95,3.06,3.18,3.28,3.37,3.46,3.55,3.62,3.69,3.76,3.82,3.87,3.92,3.97,4.01,4.05,4.08,4.11,4.14,4.16,4.19,4.21,4.22,4.24,4.25,4.26,4.27,4.28,4.29,4.29,4.30,4.30,4.30
31/08/2011,0.58,0.62,0.71,0.83,0.98,1.13,1.29,1.45,1.61,1.76,1.91,2.05,2.19,2.32,2.45,2.57,2.69,2.80,2.90,3.00,3.10,3.18,3.26,3.34,3.41,3.48,3.54,3.60,3.66,3.71,3.75,3.80,3.84,3.87,3.91,3.94,3.97,3.99,4.02,4.04,4.06,4.08,4.09,4.11,4.12,4.14,4.15,4.16,4.17
30/09/2011,0.56,0.57,0.63,0.74,0.86,0.99,1.13,1.27,1.40,1.54,1.67,1.79,1.91,2.02,2.13,2.23,2.33,2.42,2.51,2.59,2.67,2.74,2.81,2.88,2.94,3.00,3.06,3.11,3.16,3.21,3.25,3.30,3.34,3.38,3.41,3.45,3.48,3.51,3.54,3.57,3.59,3.62,3.64,3.67,3.69,3.71,3.73,3.74,3.76
31/10/2011,0.53,0.52,0.57,0.66,0.79,0.92,1.07,1.22,1.37,1.52,1.66,1.80,1.93,2.06,2.17,2.28,2.38,2.48,2.56,2.64,2.72,2.78,2.85,2.90,2.96,3.01,3.05,3.09,3.13,3.17,3.21,3.24,3.27,3.30,3.33,3.36,3.38,3.41,3.43,3.45,3.47,3.49,3.50,3.52,3.53,3.55,3.56,3.57,3.58
30/11/2011,0.47,0.45,0.49,0.57,0.69,0.83,0.97,1.12,1.28,1.42,1.57,1.70,1.83,1.95,2.07,2.17,2.26,2.35,2.43,2.50,2.56,2.62,2.67,2.72,2.76,2.80,2.84,2.87,2.90,2.93,2.95,2.98,3.00,3.03,3.05,3.07,3.09,3.11,3.13,3.15,3.17,3.18,3.20,3.21,3.23,3.24,3.25,3.27,3.28
31/12/2011,0.38,0.32,0.33,0.39,0.49,0.60,0.73,0.87,1.00,1.13,1.26,1.39,1.51,1.62,1.73,1.84,1.93,2.02,2.10,2.18,2.26,2.33,2.39,2.45,2.51,2.56,2.61,2.66,2.70,2.75,2.79,2.82,2.86,2.90,2.93,2.96,2.99,3.02,3.05,3.07,3.09,3.12,3.14,3.16,3.18,3.19,3.21,3.23,3.24
31/01/2012,0.42,0.35,0.34,0.39,0.47,0.58,0.69,0.82,0.95,1.09,1.22,1.35,1.47,1.59,1.71,1.81,1.92,2.01,2.10,2.18,2.26,2.33,2.39,2.45,2.51,2.56,2.61,2.66,2.70,2.74,2.78,2.82,2.85,2.88,2.91,2.94,2.97,2.99,3.02,3.04,3.06,3.08,3.10,3.12,3.14,3.15,3.17,3.18,3.20
29/02/2012,0.45,0.38,0.38,0.43,0.51,0.61,0.73,0.86,1.00,1.14,1.28,1.42,1.56,1.69,1.82,1.94,2.05,2.16,2.26,2.35,2.44,2.52,2.59,2.66,2.73,2.79,2.84,2.89,2.94,2.99,3.03,3.07,3.11,3.15,3.18,3.21,3.24,3.27,3.30,3.32,3.34,3.37,3.38,3.40,3.42,3.43,3.45,3.46,3.47
31/03/2012,0.45,0.39,0.40,0.46,0.55,0.67,0.79,0.93,1.06,1.20,1.34,1.48,1.61,1.74,1.87,1.98,2.10,2.20,2.30,2.40,2.49,2.57,2.65,2.72,2.79,2.86,2.92,2.97,3.03,3.08,3.13,3.17,3.22,3.26,3.30,3.33,3.37,3.40,3.43,3.45,3.48,3.50,3.52,3.54,3.56,3.58,3.59,3.61,3.62
30/04/2012,0.44,0.41,0.44,0.51,0.61,0.73,0.85,0.98,1.11,1.23,1.36,1.48,1.60,1.71,1.83,1.93,2.03,2.13,2.22,2.31,2.39,2.47,2.55,2.62,2.69,2.76,2.82,2.88,2.93,2.99,3.04,3.09,3.14,3.18,3.22,3.26,3.30,3.34,3.37,3.40,3.43,3.46,3.48,3.51,3.53,3.55,3.57,3.58,3.60
31/05/2012,0.32,0.24,0.22,0.26,0.32,0.40,0.49,0.58,0.68,0.79,0.89,1.00,1.10,1.21,1.31,1.40,1.50,1.59,1.68,1.76,1.85,1.92,2.00,2.07,2.15,2.21,2.28,2.34,2.40,2.46,2.52,2.58,2.63,2.68,2.73,2.78,2.82,2.86,2.90,2.94,2.98,3.01,3.04,3.07,3.10,3.13,3.15,3.18,3.20
30/06/2012,0.32,0.26,0.27,0.32,0.40,0.50,0.60,0.71,0.83,0.95,1.06,1.17,1.28,1.39,1.50,1.59,1.69,1.78,1.87,1.95,2.02,2.10,2.17,2.24,2.30,2.36,2.42,2.48,2.54,2.59,2.64,2.69,2.73,2.78,2.82,2.87,2.91,2.94,2.98,3.02,3.05,3.08,3.11,3.14,3.17,3.19,3.21,3.24,3.26
31/07/2012,0.18,0.08,0.07,0.10,0.17,0.25,0.35,0.46,0.57,0.69,0.80,0.91,1.02,1.13,1.23,1.33,1.43,1.52,1.61,1.70,1.78,1.85,1.93,2.00,2.07,2.13,2.19,2.25,2.31,2.37,2.42,2.48,2.53,2.58,2.62,2.67,2.71,2.76,2.80,2.84,2.88,2.91,2.95,2.98,3.01,3.04,3.07,3.09,3.12
31/08/2012,0.21,0.10,0.07,0.10,0.16,0.25,0.35,0.46,0.58,0.70,0.81,0.93,1.04,1.15,1.25,1.35,1.45,1.54,1.62,1.71,1.79,1.86,1.93,2.00,2.07,2.13,2.19,2.25,2.31,2.37,2.42,2.47,2.53,2.58,2.63,2.67,2.72,2.77,2.81,2.85,2.89,2.93,2.97,3.01,3.05,3.08,3.11,3.14,3.17
30/09/2012,0.28,0.20,0.19,0.23,0.30,0.38,0.48,0.59,0.70,0.81,0.92,1.03,1.13,1.24,1.34,1.44,1.53,1.62,1.71,1.79,1.88,1.95,2.03,2.10,2.17,2.24,2.31,2.37,2.43,2.49,2.55,2.61,2.66,2.72,2.77,2.82,2.87,2.92,2.96,3.00,3.05,3.09,3.13,3.16,3.20,3.23,3.26,3.29,3.32
31/10/2012,0.31,0.25,0.26,0.31,0.39,0.48,0.59,0.71,0.83,0.94,1.06,1.17,1.29,1.39,1.50,1.60,1.70,1.79,1.87,1.96,2.04,2.11,2.19,2.26,2.32,2.39,2.45,2.51,2.56,2.62,2.67,2.72,2.77,2.81,2.86,2.90,2.94,2.98,3.02,3.06,3.10,3.13,3.16,3.19,3.22,3.25,3.28,3.30,3.33
30/11/2012,0.34,0.30,0.31,0.36,0.44,0.53,0.63,0.73,0.83,0.94,1.05,1.15,1.25,1.35,1.45,1.54,1.63,1.71,1.80,1.88,1.95,2.03,2.10,2.17,2.23,2.30,2.36,2.42,2.48,2.53,2.59,2.64,2.69,2.74,2.79,2.83,2.88,2.92,2.96,3.00,3.03,3.07,3.10,3.13,3.16,3.19,3.22,3.24,3.27
31/12/2012,0.34,0.30,0.32,0.37,0.46,0.56,0.67,0.78,0.89,1.01,1.12,1.23,1.33,1.44,1.53,1.63,1.72,1.80,1.89,1.97,2.04,2.12,2.19,2.26,2.32,2.38,2.44,2.50,2.56,2.61,2.67,2.72,2.77,2.82,2.86,2.91,2.95,2.99,3.03,3.07,3.10,3.14,3.17,3.20,3.23,3.26,3.29,3.31,3.34
31/01/2013,0.31,0.33,0.38,0.46,0.57,0.69,0.82,0.95,1.08,1.21,1.34,1.46,1.58,1.69,1.80,1.91,2.01,2.10,2.19,2.27,2.35,2.43,2.50,2.57,2.63,2.70,2.76,2.81,2.87,2.92,2.97,3.02,3.06,3.11,3.15,3.19,3.23,3.26,3.30,3.33,3.36,3.39,3.42,3.45,3.48,3.50,3.52,3.55,3.57
28/02/2013,0.21,0.19,0.22,0.29,0.39,0.51,0.64,0.78,0.92,1.06,1.20,1.33,1.46,1.58,1.70,1.81,1.92,2.02,2.11,2.20,2.29,2.37,2.44,2.51,2.58,2.64,2.71,2.76,2.82,2.87,2.92,2.97,3.02,3.06,3.10,3.14,3.18,3.22,3.25,3.29,3.32,3.35,3.38,3.41,3.43,3.46,3.48,3.51,3.53
31/03/2013,0.17,0.15,0.17,0.23,0.31,0.40,0.52,0.63,0.76,0.88,1.00,1.13,1.25,1.37,1.48,1.59,1.70,1.80,1.90,1.99,2.08,2.17,2.25,2.33,2.40,2.47,2.53,2.59,2.65,2.71,2.76,2.81,2.86,2.91,2.95,2.99,3.03,3.07,3.10,3.14,3.17,3.20,3.23,3.25,3.28,3.30,3.33,3.35,3.37
30/04/2013,0.21,0.19,0.20,0.25,0.32,0.41,0.51,0.62,0.73,0.85,0.96,1.08,1.19,1.30,1.40,1.51,1.61,1.70,1.79,1.88,1.96,2.04,2.12,2.19,2.26,2.33,2.39,2.45,2.51,2.56,2.61,2.66,2.71,2.76,2.80,2.84,2.88,2.92,2.95,2.99,3.02,3.05,3.08,3.11,3.14,3.16,3.18,3.21,3.23
31/05/2013,0.31,0.31,0.36,0.44,0.53,0.65,0.77,0.90,1.02,1.15,1.28,1.40,1.53,1.64,1.76,1.87,1.97,2.07,2.16,2.25,2.34,2.42,2.49,2.56,2.63,2.69,2.75,2.81,2.86,2.91,2.96,3.00,3.05,3.09,3.13,3.16,3.20,3.23,3.26,3.29,3.32,3.35,3.37,3.40,3.42,3.44,3.47,3.49,3.50
30/06/2013,0.28,0.32,0.42,0.57,0.73,0.90,1.07,1.24,1.40,1.55,1.70,1.84,1.98,2.10,2.22,2.33,2.43,2.53,2.62,2.70,2.78,2.85,2.91,2.97,3.03,3.08,3.13,3.18,3.22,3.26,3.30,3.34,3.37,3.40,3.43,3.46,3.48,3.51,3.53,3.56,3.58,3.60,3.62,3.63,3.65,3.67,3.68,3.70,3.71
31/07/2013,0.26,0.26,0.33,0.45,0.60,0.76,0.92,1.09,1.25,1.41,1.57,1.72,1.86,1.99,2.12,2.24,2.35,2.46,2.56,2.65,2.73,2.81,2.89,2.95,3.01,3.07,3.13,3.18,3.22,3.27,3.30,3.34,3.38,3.41,3.44,3.47,3.49,3.52,3.54,3.56,3.58,3.60,3.61,3.63,3.64,3.66,3.67,3.68,3.69
31/08/2013,0.30,0.35,0.47,0.64,0.83,1.02,1.21,1.39,1.57,1.74,1.89,2.04,2.18,2.31,2.43,2.54,2.64,2.74,2.83,2.91,2.99,3.06,3.12,3.18,3.23,3.28,3.33,3.37,3.41,3.44,3.47,3.50,3.53,3.55,3.57,3.59,3.61,3.62,3.64,3.65,3.66,3.67,3.68,3.69,3.70,3.70,3.71,3.71,3.72
30/09/2013,0.32,0.38,0.51,0.68,0.86,1.04,1.22,1.39,1.56,1.71,1.86,2.00,2.13,2.26,2.37,2.48,2.58,2.67,2.76,2.84,2.91,2.98,3.04,3.10,3.15,3.20,3.24,3.28,3.32,3.35,3.38,3.41,3.43,3.46,3.48,3.50,3.51,3.53,3.54,3.56,3.57,3.58,3.59,3.60,3.61,3.62,3.62,3.63,3.64
31/10/2013,0.31,0.37,0.49,0.65,0.83,1.01,1.18,1.35,1.52,1.67,1.82,1.96,2.09,2.21,2.32,2.43,2.53,2.62,2.70,2.78,2.85,2.92,2.98,3.04,3.09,3.14,3.18,3.22,3.26,3.29,3.32,3.35,3.38,3.40,3.42,3.44,3.46,3.48,3.49,3.51,3.52,3.54,3.55,3.56,3.57,3.58,3.59,3.59,3.60
30/11/2013,0.35,0.41,0.54,0.71,0.90,1.09,1.28,1.46,1.64,1.80,1.96,2.10,2.24,2.37,2.48,2.59,2.70,2.79,2.88,2.96,3.03,3.10,3.16,3.22,3.27,3.32,3.36,3.40,3.43,3.47,3.50,3.52,3.55,3.57,3.59,3.61,3.62,3.64,3.65,3.66,3.67,3.68,3.69,3.70,3.71,3.71,3.72,3.72,3.72
31/12/2013,0.37,0.51,0.72,0.95,1.18,1.41,1.62,1.81,2.00,2.16,2.32,2.46,2.59,2.70,2.81,2.91,3.00,3.08,3.16,3.23,3.29,3.34,3.39,3.44,3.48,3.51,3.55,3.58,3.60,3.62,3.64,3.66,3.67,3.69,3.70,3.71,3.72,3.73,3.73,3.74,3.74,3.75,3.75,3.75,3.75,3.76,3.76,3.76,3.76
31/01/2014,0.35,0.46,0.64,0.85,1.05,1.26,1.44,1.62,1.78,1.93,2.07,2.20,2.31,2.42,2.52,2.60,2.69,2.76,2.83,2.90,2.96,3.02,3.07,3.12,3.17,3.21,3.25,3.29,3.32,3.35,3.38,3.41,3.44,3.46,3.48,3.50,3.52,3.54,3.55,3.57,3.58,3.59,3.60,3.61,3.62,3.62,3.63,3.63,3.64
28/02/2014,0.34,0.47,0.66,0.87,1.07,1.27,1.46,1.64,1.80,1.95,2.09,2.21,2.33,2.44,2.53,2.63,2.71,2.79,2.86,2.92,2.98,3.04,3.09,3.14,3.18,3.22,3.26,3.30,3.33,3.36,3.39,3.42,3.44,3.46,3.48,3.50,3.52,3.53,3.55,3.56,3.57,3.58,3.59,3.60,3.61,3.62,3.62,3.63,3.63
31/03/2014,0.39,0.55,0.76,0.98,1.19,1.38,1.56,1.72,1.87,2.01,2.14,2.26,2.37,2.47,2.56,2.65,2.73,2.80,2.87,2.93,2.99,3.05,3.10,3.14,3.19,3.23,3.27,3.30,3.33,3.37,3.39,3.42,3.44,3.47,3.49,3.50,3.52,3.54,3.55,3.56,3.58,3.59,3.60,3.61,3.61,3.62,3.62,3.63,3.63
30/04/2014,0.36,0.55,0.77,0.99,1.20,1.39,1.56,1.72,1.86,1.99,2.11,2.22,2.33,2.42,2.51,2.59,2.67,2.74,2.81,2.87,2.93,2.98,3.04,3.08,3.13,3.17,3.21,3.24,3.28,3.31,3.34,3.36,3.39,3.41,3.43,3.45,3.47,3.49,3.50,3.51,3.52,3.53,3.54,3.55,3.56,3.56,3.57,3.57,3.58
31/05/2014,0.38,0.57,0.78,0.99,1.18,1.36,1.52,1.67,1.80,1.93,2.04,2.14,2.24,2.33,2.42,2.49,2.57,2.64,2.70,2.76,2.82,2.87,2.93,2.97,3.02,3.06,3.10,3.14,3.17,3.20,3.23,3.26,3.29,3.31,3.34,3.36,3.38,3.40,3.41,3.43,3.44,3.45,3.47,3.48,3.48,3.49,3.50,3.51,3.51
30/06/2014,0.57,0.79,1.02,1.23,1.42,1.59,1.74,1.88,2.00,2.11,2.21,2.31,2.39,2.48,2.55,2.62,2.69,2.75,2.81,2.87,2.92,2.97,3.01,3.06,3.10,3.14,3.17,3.21,3.24,3.27,3.29,3.32,3.34,3.37,3.39,3.40,3.42,3.44,3.45,3.47,3.48,3.49,3.50,3.51,3.51,3.52,3.53,3.53,3.54
31/07/2014,0.59,0.82,1.04,1.25,1.43,1.59,1.74,1.87,1.99,2.10,2.19,2.28,2.37,2.45,2.52,2.58,2.65,2.71,2.76,2.81,2.86,2.90,2.94,2.98,3.02,3.05,3.08,3.11,3.14,3.16,3.19,3.21,3.23,3.25,3.27,3.28,3.30,3.31,3.32,3.34,3.35,3.35,3.36,3.37,3.38,3.38,3.39,3.39,3.40
31/08/2014,0.48,0.68,0.88,1.06,1.22,1.36,1.49,1.60,1.70,1.80,1.88,1.96,2.03,2.10,2.17,2.23,2.29,2.34,2.39,2.44,2.49,2.53,2.57,2.61,2.64,2.68,2.71,2.74,2.77,2.79,2.82,2.84,2.86,2.88,2.90,2.92,2.94,2.95,2.97,2.98,2.99,3.00,3.01,3.02,3.03,3.03,3.04,3.04,3.05
30/09/2014,0.51,0.71,0.92,1.10,1.27,1.42,1.56,1.67,1.78,1.88,1.96,2.04,2.12,2.19,2.25,2.31,2.37,2.42,2.47,2.52,2.56,2.60,2.64,2.68,2.72,2.75,2.78,2.82,2.85,2.87,2.90,2.92,2.95,2.97,2.99,3.01,3.03,3.05,3.06,3.08,3.09,3.10,3.11,3.12,3.13,3.14,3.14,3.15,3.16
31/10/2014,0.42,0.58,0.74,0.91,1.06,1.20,1.33,1.45,1.56,1.67,1.76,1.84,1.92,2.00,2.07,2.13,2.19,2.25,2.31,2.36,2.41,2.45,2.50,2.54,2.58,2.62,2.66,2.69,2.73,2.76,2.79,2.82,2.84,2.87,2.89,2.92,2.94,2.96,2.98,2.99,3.01,3.02,3.04,3.05,3.06,3.07,3.08,3.09,3.09
30/11/2014,0.40,0.48,0.60,0.72,0.85,0.98,1.09,1.20,1.30,1.39,1.48,1.56,1.63,1.70,1.76,1.82,1.88,1.93,1.99,2.03,2.08,2.13,2.17,2.21,2.25,2.29,2.33,2.36,2.40,2.43,2.46,2.49,2.52,2.55,2.57,2.60,2.62,2.64,2.66,2.68,2.70,2.71,2.73,2.74,2.75,2.76,2.77,2.78,2.78
31/12/2014,0.31,0.40,0.52,0.64,0.77,0.89,1.00,1.11,1.20,1.28,1.36,1.43,1.50,1.56,1.62,1.67,1.72,1.77,1.82,1.86,1.91,1.95,1.99,2.03,2.07,2.11,2.14,2.18,2.21,2.25,2.28,2.31,2.34,2.37,2.39,2.42,2.44,2.46,2.48,2.50,2.52,2.53,2.55,2.56,2.57,2.58,2.59,2.60,2.61
31/01/2015,0.29,0.34,0.42,0.51,0.60,0.68,0.77,0.84,0.91,0.97,1.03,1.08,1.13,1.18,1.22,1.27,1.31,1.35,1.39,1.42,1.46,1.50,1.53,1.57,1.60,1.64,1.67,1.71,1.74,1.77,1.80,1.83,1.86,1.89,1.92,1.94,1.97,1.99,2.01,2.03,2.05,2.06,2.08,2.09,2.10,2.11,2.12,2.13,2.14
28/02/2015,0.35,0.45,0.59,0.72,0.86,0.98,1.09,1.19,1.28,1.36,1.44,1.50,1.57,1.62,1.67,1.72,1.77,1.81,1.86,1.90,1.94,1.97,2.01,2.05,2.08,2.11,2.15,2.18,2.21,2.24,2.27,2.30,2.33,2.35,2.38,2.40,2.42,2.45,2.46,2.48,2.50,2.51,2.53,2.54,2.55,2.56,2.57,2.58,2.58
31/03/2015,0.30,0.34,0.43,0.55,0.67,0.79,0.89,0.99,1.09,1.17,1.24,1.31,1.37,1.43,1.48,1.53,1.58,1.62,1.66,1.70,1.74,1.78,1.81,1.85,1.89,1.92,1.95,1.99,2.02,2.05,2.09,2.12,2.14,2.17,2.20,2.22,2.25,2.27,2.29,2.31,2.33,2.34,2.36,2.37,2.38,2.39,2.40,2.41,2.42
30/04/2015,0.38,0.45,0.57,0.71,0.84,0.97,1.09,1.20,1.30,1.39,1.48,1.55,1.62,1.69,1.74,1.80,1.85,1.90,1.94,1.99,2.03,2.07,2.10,2.14,2.17,2.21,2.24,2.27,2.30,2.33,2.36,2.38,2.41,2.43,2.46,2.48,2.50,2.52,2.53,2.55,2.57,2.58,2.59,2.60,2.61,2.62,2.63,2.64,2.64
31/05/2015,0.40,0.45,0.55,0.68,0.81,0.94,1.05,1.16,1.26,1.35,1.44,1.51,1.58,1.65,1.71,1.77,1.82,1.87,1.92,1.96,2.01,2.05,2.09,2.13,2.16,2.20,2.23,2.26,2.30,2.33,2.35,2.38,2.41,2.43,2.45,2.48,2.49,2.51,2.53,2.54,2.56,2.57,2.58,2.59,2.60,2.61,2.61,2.62,2.62
30/06/2015,0.44,0.53,0.66,0.81,0.96,1.10,1.23,1.35,1.46,1.56,1.65,1.73,1.80,1.87,1.94,2.00,2.05,2.11,2.16,2.20,2.24,2.29,2.33,2.36,2.40,2.43,2.47,2.50,2.53,2.56,2.58,2.61,2.63,2.66,2.68,2.70,2.72,2.73,2.75,2.76,2.78,2.79,2.80,2.80,2.81,2.82,2.82,2.83,2.83
31/07/2015,0.47,0.56,0.68,0.81,0.95,1.07,1.19,1.29,1.39,1.48,1.56,1.63,1.69,1.76,1.81,1.87,1.92,1.96,2.01,2.05,2.09,2.13,2.17,2.20,2.24,2.27,2.30,2.33,2.37,2.39,2.42,2.45,2.47,2.49,2.52,2.54,2.55,2.57,2.59,2.60,2.61,2.62,2.63,2.64,2.65,2.65,2.65,2.66,2.66
31/08/2015,0.45,0.52,0.64,0.77,0.90,1.03,1.14,1.25,1.35,1.43,1.51,1.58,1.65,1.71,1.77,1.82,1.87,1.92,1.97,2.01,2.05,2.09,2.13,2.17,2.21,2.25,2.28,2.32,2.35,2.38,2.41,2.44,2.47,2.50,2.52,2.54,2.56,2.58,2.60,2.62,2.63,2.64,2.65,2.66,2.67,2.67,2.68,2.68,2.68
30/09/2015,0.42,0.45,0.54,0.66,0.77,0.89,0.99,1.09,1.18,1.27,1.34,1.41,1.48,1.54,1.59,1.65,1.70,1.74,1.79,1.84,1.88,1.93,1.97,2.01,2.06,2.10,2.14,2.18,2.22,2.25,2.29,2.32,2.36,2.39,2.42,2.44,2.47,2.49,2.51,2.53,2.55,2.56,2.57,2.58,2.59,2.60,2.61,2.61,2.61
31/10/2015,0.46,0.50,0.60,0.72,0.85,0.97,1.08,1.19,1.29,1.38,1.46,1.53,1.61,1.67,1.73,1.79,1.84,1.90,1.95,1.99,2.04,2.08,2.13,2.17,2.21,2.25,2.29,2.33,2.36,2.40,2.43,2.47,2.50,2.53,2.56,2.58,2.61,2.63,2.65,2.67,2.69,2.70,2.71,2.72,2.73,2.74,2.75,2.75,2.75
30/11/2015,0.42,0.49,0.59,0.71,0.83,0.95,1.05,1.15,1.24,1.32,1.40,1.47,1.54,1.60,1.66,1.72,1.77,1.82,1.87,1.92,1.97,2.01,2.06,2.10,2.15,2.19,2.23,2.27,2.31,2.34,2.38,2.41,2.44,2.47,2.50,2.53,2.55,2.57,2.59,2.61,2.63,2.64,2.65,2.66,2.67,2.67,2.68,2.68,2.68
31/12/2015,0.37,0.52,0.68,0.82,0.95,1.07,1.18,1.28,1.38,1.46,1.54,1.61,1.68,1.74,1.80,1.86,1.91,1.96,2.01,2.06,2.10,2.15,2.19,2.23,2.27,2.32,2.35,2.39,2.43,2.46,2.50,2.53,2.56,2.59,2.62,2.64,2.67,2.69,2.71,2.73,2.74,2.76,2.77,2.78,2.79,2.79,2.80,2.80,2.80
